reference,title,pillar,pillar_secondary,band,salary_min,salary_max,salary_period,salary_text,employer_normalised,org_type,region,contract_type,working_pattern_normalised,status,closing_date,posted_date,advertised_duration_days,shorter_than_interval,collection_method,keyword_version,taxonomy_version,as_at_run_id,as_at_seen_at
C9824-26-0837,Clinical Digital Educator,bedside,,,58133.0,65261.0,year,"£58,133 to £65,261 a year",Central London Community Health Trust,community,London,Permanent,part_time,open,2026-09-30,2026-09-16,14,False,weekly,v1,0.6.0,34a87b6a92c049129c3f03a687c8bad9,2026-09-30T12:47:52.852982+00:00
E9810-26-0288,Project Manager - Digital,compass,,,39959.0,48117.0,year,"£39,959 to £48,117 a year",City Health Care Partnership CIC,other,North East and Yorkshire,Fixed-Term,full_time,open,2026-09-24,2026-09-10,14,,weekly,v1,0.6.0,de0b49ed9a0e4adcb9a8ac3741035c60,2026-09-23T11:48:36.401058+00:00
C9188-26-0773,Digital Support Worker,foundation,,,28392.0,31157.0,year,"£28,392 to £31,157 a year",University Hospital Southampton NHS Trust,acute,South East,Fixed-Term,flexible,open,2026-09-17,2026-09-04,13,,weekly,v1,0.6.0,73f813e5223942edb13ebd39138c99d9,2026-09-16T13:40:32.101581+00:00
C9313-26-0398,Digital Team Assistant,unclassified,,,28392.0,31157.0,year,"£28,392 to £31,157 a year",Leicestershire Partnership NHS Trust,acute,Midlands,Permanent,full_time,open,2026-09-20,2026-09-09,11,,weekly,v1,0.6.0,73f813e5223942edb13ebd39138c99d9,2026-09-16T13:40:32.101581+00:00
C9319-26-0826,Digital Medicines Specialist,bedside,,,49387.0,56515.0,year,"£49,387 to £56,515 a year",Northumbria Healthcare NHS Foundation Trust,acute,North East and Yorkshire,Permanent,flexible,open,2026-09-17,2026-09-08,9,,weekly,v1,0.6.0,73f813e5223942edb13ebd39138c99d9,2026-09-16T13:40:32.101581+00:00
C9470-26-0515,Digital Training Officer,future,,,18928.0,20771.0,year,"£18,928 to £20,771 a year",Isle of Wight NHS Trust,acute,South East,Permanent,part_time,open,2026-09-24,2026-09-11,13,,weekly,v1,0.6.0,de0b49ed9a0e4adcb9a8ac3741035c60,2026-09-23T11:48:36.401058+00:00
A3523-10092026,IT & Digital Manager,compass,,,,,,Depends on experience,Earls Barton & Penvale Park Medical Centre,primary_care,Midlands,Permanent,flexible,open,2026-09-24,2026-09-10,14,,weekly,v1,0.6.0,de0b49ed9a0e4adcb9a8ac3741035c60,2026-09-23T11:48:36.401058+00:00
C9435-26-0525,Digital Training Manager,unclassified,,,49387.0,56515.0,year,"£49,387 to £56,515 a year",East Lancashire Hospitals NHS Trust,acute,North West,Secondment,full_time,open,2026-09-28,2026-09-14,14,,weekly,v1,0.6.0,de0b49ed9a0e4adcb9a8ac3741035c60,2026-09-23T11:48:36.401058+00:00
C9798-2573,Digital Infrastructure Engineer,foundation,,,39959.0,48117.0,year,"£39,959 to £48,117 a year",Herefordshire and Worcestershire Health and Care NHS Trust,acute,Midlands,Permanent,full_time,open,2026-09-21,2026-08-24,,,(none),v1,0.6.0,73f813e5223942edb13ebd39138c99d9,2026-09-16T13:40:32.101581+00:00
C9199-8235111-NA,Digital Infrastructure Manager,foundation,,,63665.0,70887.0,year,"£63,665 to £70,887 a year",Croydon Health Services NHS Trust,acute,London,Fixed-Term,full_time,open,2026-09-17,2026-09-03,14,,weekly,v1,0.6.0,73f813e5223942edb13ebd39138c99d9,2026-09-16T13:40:32.101581+00:00
C9292-26-0370,Digital Testing Engineer,unclassified,,,39959.0,48117.0,year,"£39,959 to £48,117 a year",The Princess Alexandra Hospital NHS Trust,acute,East of England,Fixed-Term,full_time,open,2026-09-24,2026-09-10,14,,weekly,v1,0.6.0,de0b49ed9a0e4adcb9a8ac3741035c60,2026-09-23T11:48:36.401058+00:00
C9346-26-1122,Digital Commercial Manager,unclassified,,,57528.0,64750.0,year,"£57,528 to £64,750 a year",Tees Esk and Wear Valleys NHS Foundation Trust,acute,North East and Yorkshire,Permanent,full_time,open,2026-09-30,2026-09-16,14,,weekly,v1,0.6.0,34a87b6a92c049129c3f03a687c8bad9,2026-09-30T12:47:52.852982+00:00
B0192-26-0003,Digital Transformation Care Coordinator,compass,,,14.56,15.65,hour,£14.56 to £15.65 an hour,Southport and Formby Health (GP Federation),primary_care,North West,Permanent,flexible,open,2026-10-05,2026-09-16,19,,weekly,v1,0.6.0,34a87b6a92c049129c3f03a687c8bad9,2026-09-30T12:47:52.852982+00:00
C9292-26-0374,Administration Apprentice (Digital Transformation),compass,,,25272.0,25272.0,year,"£25,272 a year",The Princess Alexandra Hospital NHS Trust,acute,East of England,Apprenticeship,full_time,open,2026-09-18,2026-09-10,8,,weekly,v1,0.6.0,73f813e5223942edb13ebd39138c99d9,2026-09-16T13:40:32.101581+00:00
H9130-26-0341,Digital Informatics Lead Midwife,bedside,,,58379.0,65723.0,year,"£58,379 to £65,723 a year",Swansea Bay University Health Board,other,,Permanent,full_time,open,2026-09-24,2026-09-10,14,,weekly,v1,0.6.0,de0b49ed9a0e4adcb9a8ac3741035c60,2026-09-23T11:48:36.401058+00:00
C9319-26-0827,Senior Digital Medicines Specialist,bedside,,,57528.0,64750.0,year,"£57,528 to £64,750 a year",Northumbria Healthcare NHS Foundation Trust,acute,North East and Yorkshire,Permanent,flexible,open,2026-09-20,2026-09-08,12,,weekly,v1,0.6.0,73f813e5223942edb13ebd39138c99d9,2026-09-16T13:40:32.101581+00:00
C9180-26-1122,Digital Communications & Content Apprentice,unclassified,,,16258.0,16258.0,year,"£16,258 a year",Cambridge University Hospital NHS Foundation Trust,acute,East of England,Apprenticeship,full_time,open,2026-09-16,2026-09-04,12,,weekly,v1,0.6.0,73f813e5223942edb13ebd39138c99d9,2026-09-16T13:40:32.101581+00:00
A3415-26-0007,"Digital, IT & Data Assistant",unclassified,,,13.17,13.17,hour,£13.17 an hour,Island City Practice,other,South East,Permanent,flexible,open,2026-10-04,2026-09-11,23,,weekly,v1,0.6.0,34a87b6a92c049129c3f03a687c8bad9,2026-09-30T12:47:52.852982+00:00
C9320-26-0864,Executive Chief Digital Information Officer,compass,,,,,,Depends on experience,University Hospitals of Derby and Burton NHS Foundation Trust,acute,Midlands,Permanent,flexible,open,2026-09-17,2026-09-04,13,,weekly,v1,0.6.0,73f813e5223942edb13ebd39138c99d9,2026-09-16T13:40:32.101581+00:00
C9301-26-1306,Digital Transformation Lead Pharmacy Technician,compass,,,39959.0,48117.0,year,"£39,959 to £48,117 a year",Midlands Partnership NHS Foundation Trust,acute,North West,Fixed-Term,full_time,open,2026-09-28,2026-09-10,18,,weekly,v1,0.6.0,de0b49ed9a0e4adcb9a8ac3741035c60,2026-09-23T11:48:36.401058+00:00
C9271-26-0348,Deputy Chief Digital Information Officer,compass,,,121528.0,138529.0,year,"£121,528 to £138,529 a year",Great Ormond Street Hospital for Children NHS Foundation Trust,acute,London,Permanent,full_time,open,2026-09-17,2026-08-27,,,(none),v1,0.6.0,73f813e5223942edb13ebd39138c99d9,2026-09-16T13:40:32.101581+00:00
M9990-26-0625,Deputy Director of Digital Delivery,compass,,,112782.0,129783.0,year,"£112,782 to £129,783 a year",NHS England,arms_length_body,North East and Yorkshire,Permanent,flexible,open,2026-09-20,2026-09-04,16,,weekly,v1,0.6.0,73f813e5223942edb13ebd39138c99d9,2026-09-16T13:40:32.101581+00:00
U0103-26-0058,AI and Digital Transformation Implementor,compass,,,25000.0,25000.0,year,"£25,000 a year",Dorking Healthcare Ltd.,other,,Permanent,flexible,open,2026-09-16,2026-09-07,9,,weekly,v1,0.6.0,73f813e5223942edb13ebd39138c99d9,2026-09-16T13:40:32.101581+00:00
C9334-26-0880,Deputy Head of Digital Assurance,compass,,,66274.0,73496.0,year,"£66,274 to £73,496 a year",South London and Maudsley NHS Foundation Trust,acute,London,Secondment,full_time,open,2026-09-27,2026-09-11,16,,weekly,v1,0.6.0,de0b49ed9a0e4adcb9a8ac3741035c60,2026-09-23T11:48:36.401058+00:00
A0648-26-0003,Reception and Digital operations lead,unclassified,,,17.0,17.0,hour,£17 an hour,Armada Family Practice,other,South West,Permanent,full_time,open,2026-09-24,2026-09-03,21,,weekly,v1,0.6.0,de0b49ed9a0e4adcb9a8ac3741035c60,2026-09-23T11:48:36.401058+00:00
C9279-26-1044,Chief Digital and Infrastructure Officer,foundation,,,,,,Depends on experience,University Hospitals Sussex NHS Foundation Trust (279),acute,South East,Permanent,full_time,open,2026-10-05,2026-09-08,27,,weekly,v1,0.6.0,34a87b6a92c049129c3f03a687c8bad9,2026-09-30T12:47:52.852982+00:00
A3466-26-0052,Advanced Clinical Practitioner Digital Rectoscopy,bedside,,,53713.81,53713.81,year,"£53,713.81 a year",Primary Care Sheffield,other,North East and Yorkshire,Fixed-Term,flexible,open,2026-09-30,2026-08-26,,,(none),v1,0.6.0,34a87b6a92c049129c3f03a687c8bad9,2026-09-30T12:47:52.852982+00:00
B0160-26-0023,PCN Manager & Digital Transformation Lead,compass,,,45000.0,52000.0,year,"£45,000 to £52,000 a year",Morecambe Bay Primary Care Collaborative,other,North West,Permanent,full_time,open,2026-10-02,2026-09-09,23,,weekly,v1,0.6.0,34a87b6a92c049129c3f03a687c8bad9,2026-09-30T12:47:52.852982+00:00
C9151-26-1138,Chief Digital and Information Officer,lifeblood,,,,,,Depends on experience,Frimley Health NHS Foundation Trust,acute,South East,Permanent,full_time,open,2026-09-27,2026-09-09,18,,weekly,v1,0.6.0,de0b49ed9a0e4adcb9a8ac3741035c60,2026-09-23T11:48:36.401058+00:00
H9050-26-2055,Senior Informatics Nurse ePMA - INTERNAL,bedside,,,50129.0,57365.0,year,"£50,129 to £57,365 a year",Betsi Cadwaladr University Health Board,other,,Permanent,full_time,open,2026-09-20,2026-09-04,16,,weekly,v1,0.6.0,73f813e5223942edb13ebd39138c99d9,2026-09-16T13:40:32.101581+00:00
C0020-26-1354,Band 8a Informatics Business Partner,lifeblood,,Band 8a,57528.0,64750.0,year,"£57,528 to £64,750 a year",University Hospitals Birmingham NHS Foundation Trust,acute,Midlands,Permanent,flexible,open,2026-10-08,2026-09-10,28,,weekly,v1,0.6.0,34a87b6a92c049129c3f03a687c8bad9,2026-09-30T12:47:52.852982+00:00
C9364-26-0891,Deputy Director of Data Intelligence and Informatics,lifeblood,,,94356.0,108814.0,year,"£94,356 to £108,814 a year",Essex Partnership University NHS Foundation Trust,acute,East of England,Permanent,full_time,open,2026-09-29,2026-09-16,13,,weekly,v1,0.6.0,de0b49ed9a0e4adcb9a8ac3741035c60,2026-09-23T11:48:36.401058+00:00
H9001-26-0800,Data Manager - Children's Hospital for Wales,lifeblood,,,32557.0,39631.0,year,"£32,557 to £39,631 a year",Cardiff and Vale University Health Board,other,,Permanent,flexible,open,2026-09-17,2026-09-03,14,,weekly,v1,0.6.0,73f813e5223942edb13ebd39138c99d9,2026-09-16T13:40:32.101581+00:00
I9236-26-0045,IDCR System Officer,unclassified,,,32073.0,39043.0,year,"£32,073 to £39,043 a year",NHS Greater Manchester Integrated Care,other,North West,Permanent,full_time,open,2026-09-20,2026-09-04,16,,weekly,v1,0.6.0,73f813e5223942edb13ebd39138c99d9,2026-09-16T13:40:32.101581+00:00
C9408-26-0367,Clinical Coding Team Manager,lifeblood,,,39959.0,48117.0,year,"£39,959 to £48,117 a year",Wirral University Teaching Hospitals NHS Trust,acute,North West,Permanent,flexible,open,2026-09-23,2026-09-10,13,,weekly,v1,0.6.0,de0b49ed9a0e4adcb9a8ac3741035c60,2026-09-23T11:48:36.401058+00:00
C9252-26-0145,Senior Clinical Coder,lifeblood,,,41957.0,50387.0,year,"£41,957 to £50,387 a year",Dartford and Gravesham NHS Trust,acute,London,Permanent,full_time,open,2026-09-18,2026-09-06,12,,weekly,v1,0.6.0,73f813e5223942edb13ebd39138c99d9,2026-09-16T13:40:32.101581+00:00
C9246-26-1016,Deputy Business Support Manager,unclassified,,,32073.0,39043.0,year,"£32,073 to £39,043 a year",Norfolk & Suffolk Foundation NHS Trust,acute,East of England,Fixed-Term,full_time,open,2026-09-24,2026-09-07,17,,weekly,v1,0.6.0,73f813e5223942edb13ebd39138c99d9,2026-09-16T13:40:32.101581+00:00
C9290-26-1019,Senior Surveillance Analyst,unclassified,,,58133.0,65261.0,year,"£58,133 to £65,261 a year",Imperial College Healthcare NHS Trust,acute,London,Fixed-Term,full_time,open,2026-09-22,2026-09-10,12,,weekly,v1,0.6.0,73f813e5223942edb13ebd39138c99d9,2026-09-16T13:40:32.101581+00:00
C9213-26-0787,Interim Head of Imaging Services,unclassified,,,88250.0,100355.0,year,"£88,250 to £100,355 a year",King's College Hospital NHS Foundation Trust,acute,London,Fixed-Term,full_time,open,2026-09-20,2026-09-10,10,,weekly,v1,0.6.0,73f813e5223942edb13ebd39138c99d9,2026-09-16T13:40:32.101581+00:00
I9236-26-0048,"Assistant Director of Cyber Security, Governance, Compliance & Risk",foundation,,,79504.0,91609.0,year,"£79,504 to £91,609 a year",NHS Greater Manchester Integrated Care,other,North West,Permanent,full_time,open,2026-09-20,2026-09-04,16,,weekly,v1,0.6.0,73f813e5223942edb13ebd39138c99d9,2026-09-16T13:40:32.101581+00:00
C9242-26-0172,Chief Clinical Information Officer,bedside,,,79504.0,91609.0,year,"£79,504 to £91,609 a year",North West Ambulance Service NHS Trust,ambulance,North West,Permanent,full_time,open,2026-09-18,2026-08-28,,,(none),v1,0.6.0,73f813e5223942edb13ebd39138c99d9,2026-09-16T13:40:32.101581+00:00
C9325-26-0617,Deputy Director of Analytics & Insights,lifeblood,,,96626.0,111084.0,year,"£96,626 to £111,084 a year",Surrey and Borders Partnership NHS Foundation Trust,acute,London,Permanent,full_time,open,2026-09-20,2026-09-01,,,(none),v1,0.6.0,73f813e5223942edb13ebd39138c99d9,2026-09-16T13:40:32.101581+00:00
C9310-26-0548,Head of Data,lifeblood,,,66582.0,77368.0,year,"£66,582 to £77,368 a year",Cambridgeshire and Peterborough NHS Foundation Trust,acute,Midlands,Permanent,flexible,open,2026-09-16,2026-09-02,14,,weekly,v1,0.6.0,73f813e5223942edb13ebd39138c99d9,2026-09-16T13:40:32.101581+00:00
C9396-26-0389,MSK Reporting and rotational Radiographer,unclassified,,,53751.0,60651.0,year,"£53,751 to £60,651 a year",Kingston and Richmond NHS Foundation Trust,acute,London,Permanent,full_time,open,2026-09-20,2026-09-10,10,,weekly,v1,0.6.0,73f813e5223942edb13ebd39138c99d9,2026-09-16T13:40:32.101581+00:00
C9824-26-0802,Associate Chief Clinical Information Officer,bedside,,,66274.0,73496.0,year,"£66,274 to £73,496 a year",Central London Community Health Trust,community,London,Permanent,full_time,open,2026-09-23,2026-09-09,14,,weekly,v1,0.6.0,73f813e5223942edb13ebd39138c99d9,2026-09-16T13:40:32.101581+00:00
C9334-26-0853,Clinical Entity and Natural Language Programming (NLP) Service Lead,unclassified,,,66274.0,73496.0,year,"£66,274 to £73,496 a year",South London and Maudsley NHS Foundation Trust,acute,London,Permanent,full_time,open,2026-09-21,2026-09-07,14,,weekly,v1,0.6.0,73f813e5223942edb13ebd39138c99d9,2026-09-16T13:40:32.101581+00:00
C9430-26-0520,Senior Information analyst,lifeblood,,,39959.0,48117.0,year,"£39,959 to £48,117 a year",Milton Keynes University Hospital NHS Foundation Trust,acute,South East,Bank,flexible,open,2026-09-20,2026-09-15,5,,weekly,v1,0.6.0,73f813e5223942edb13ebd39138c99d9,2026-09-16T13:40:32.101581+00:00
C9360-26-0409,Band 8a - Shared Patient Record Technical Systems Lead,unclassified,,Band 8a,59798.0,67020.0,year,"£59,798 to £67,020 a year",West Hertfordshire Teaching Hospitals NHS Trust,acute,London,Permanent,full_time,open,2026-09-28,2026-09-14,14,,weekly,v1,0.6.0,de0b49ed9a0e4adcb9a8ac3741035c60,2026-09-23T11:48:36.401058+00:00
C9188-26-0786,Advanced Workforce BI Analyst,unclassified,,,49387.0,56515.0,year,"£49,387 to £56,515 a year",University Hospital Southampton NHS Trust,acute,South East,Fixed-Term,flexible,open,2026-09-28,2026-09-09,19,,weekly,v1,0.6.0,73f813e5223942edb13ebd39138c99d9,2026-09-16T13:40:32.101581+00:00
M9990-26-0638,Head of Healthcare Planning,unclassified,,,94356.0,108814.0,year,"£94,356 to £108,814 a year",NHS England,arms_length_body,London,Permanent,flexible,open,2026-09-22,2026-09-08,14,,weekly,v1,0.6.0,73f813e5223942edb13ebd39138c99d9,2026-09-16T13:40:32.101581+00:00
C9225-26-0651,Transformation Programme Manager - Private Patients,compass,,,79504.0,91609.0,year,"£79,504 to £91,609 a year",The Royal Wolverhampton NHS Trust,acute,Midlands,Fixed-Term,flexible,open,2026-09-20,2026-09-07,13,,weekly,v1,0.6.0,73f813e5223942edb13ebd39138c99d9,2026-09-16T13:40:32.101581+00:00
A0925-26-0013,Experienced On-Site Medical Summariser & Coder,unclassified,,,,,,Depends on experience,Claremont Clinic,other,London,Permanent,part_time,open,2026-10-01,2026-09-01,30,,weekly,v1,0.6.0,34a87b6a92c049129c3f03a687c8bad9,2026-09-30T12:47:52.852982+00:00
C9344-26-0451,Deputy Chief Executive,unclassified,,,,,,Depends on experience,East Kent Hospitals University NHS Foundation Trust,acute,South East,Fixed-Term,full_time,open,2026-09-24,2026-09-11,13,,weekly,v1,0.6.0,de0b49ed9a0e4adcb9a8ac3741035c60,2026-09-23T11:48:36.401058+00:00
D9708-MSE563,Business Intelligence Senior Manager - Band 8b,lifeblood,,Band 8b,66582.0,77368.0,year,"£66,582 to £77,368 a year",NHS Essex Integrated Care Board,icb,East of England,Permanent,full_time,open,2026-09-24,2026-09-11,13,,weekly,v1,0.6.0,de0b49ed9a0e4adcb9a8ac3741035c60,2026-09-23T11:48:36.401058+00:00
E0151-26-0039,Clinical Systems Specialist,bedside,foundation,,,,,Depends on experience,Alliance Medical Ltd,other,Midlands,Permanent,full_time,open,2027-07-31,2026-07-31,,,(none),v1,0.6.0,34a87b6a92c049129c3f03a687c8bad9,2026-09-30T12:47:52.852982+00:00
C9409-26-0916,Associate Director - Clinical Systems,bedside,,,79504.0,91609.0,year,"£79,504 to £91,609 a year",Mersey and West Lancashire Teaching Hospitals NHS Trust,acute,North West,Permanent,full_time,open,2026-09-24,2026-09-10,14,,weekly,v1,0.6.0,de0b49ed9a0e4adcb9a8ac3741035c60,2026-09-23T11:48:36.401058+00:00
C9223-26-0906,Clinical Systems Support Floorwalker,bedside,foundation,,28392.0,31157.0,year,"£28,392 to £31,157 a year",The Shrewsbury and Telford Hospital NHS Trust,acute,Midlands,Fixed-Term,full_time,open,2026-09-28,2026-09-15,13,,weekly,v1,0.6.0,de0b49ed9a0e4adcb9a8ac3741035c60,2026-09-23T11:48:36.401058+00:00
C9457-26-0270,Clinical Systems Support Specialist,bedside,foundation,,,,,Depends on experience,Sheffield Health Partnership University NHS Foundation Trust,acute,North East and Yorkshire,Permanent,flexible,open,2026-09-16,2026-09-09,7,,weekly,v1,0.6.0,73f813e5223942edb13ebd39138c99d9,2026-09-16T13:40:32.101581+00:00
C9246-26-1044,Clinical Psychologist or Systemic Family Therapist,unclassified,,,49387.0,64750.0,year,"£49,387 to £64,750 a year",Norfolk & Suffolk Foundation NHS Trust,acute,East of England,Fixed-Term,flexible,open,2026-09-28,2026-09-14,14,,weekly,v1,0.6.0,de0b49ed9a0e4adcb9a8ac3741035c60,2026-09-23T11:48:36.401058+00:00
C9298-26-0873,System Administrator,foundation,,,32073.0,39043.0,year,"£32,073 to £39,043 a year",Leeds Teaching Hospitals,acute,North East and Yorkshire,Permanent,full_time,open,2026-09-16,2026-09-02,,,(none),v1,0.6.0,73f813e5223942edb13ebd39138c99d9,2026-09-16T13:40:32.101581+00:00
C9220-26-0606,System Administrator,foundation,,,36943.0,44900.0,year,"£36,943 to £44,900 a year",Whittington Hospital NHS Trust,acute,London,Fixed-Term,full_time,open,2026-09-23,2026-09-10,13,,weekly,v1,0.6.0,de0b49ed9a0e4adcb9a8ac3741035c60,2026-09-23T11:48:36.401058+00:00
C9354-26-1065,Family & Systemic Psychotherapist,unclassified,,,49387.0,56515.0,year,"£49,387 to £56,515 a year",Sussex Partnership NHS Foundation Trust,acute,,Permanent,full_time,open,2026-09-18,2026-09-09,9,,weekly,v1,0.6.0,73f813e5223942edb13ebd39138c99d9,2026-09-16T13:40:32.101581+00:00
M9990-26-0618,Senior Systems Engineer,unclassified,,,65006.64,73167.5,year,"£65,006.64 to £73,167.50 a year",NHS England,arms_length_body,North East and Yorkshire,Permanent,flexible,open,2026-09-16,2026-09-02,14,,weekly,v1,0.6.0,73f813e5223942edb13ebd39138c99d9,2026-09-16T13:40:32.101581+00:00
C9213-26-0775,People Systems Manager,foundation,,,58133.0,65261.0,year,"£58,133 to £65,261 a year",King's College Hospital NHS Foundation Trust,acute,London,Permanent,full_time,open,2026-09-16,2026-09-09,7,,weekly,v1,0.6.0,73f813e5223942edb13ebd39138c99d9,2026-09-16T13:40:32.101581+00:00
H9050-26-2093,Family & Systemic Psychotherapist,unclassified,,,50129.0,65723.0,year,"£50,129 to £65,723 a year",Betsi Cadwaladr University Health Board,other,,Permanent,full_time,open,2026-09-24,2026-09-10,14,,weekly,v1,0.6.0,de0b49ed9a0e4adcb9a8ac3741035c60,2026-09-23T11:48:36.401058+00:00
C9277-26-0923,Principal Systemic Psychotherapist,unclassified,,,72719.0,83505.0,year,"£72,719 to £83,505 a year",Oxleas NHS Foundation Trust,acute,London,Permanent,full_time,open,2026-10-04,2026-09-11,23,,weekly,v1,0.6.0,34a87b6a92c049129c3f03a687c8bad9,2026-09-30T12:47:52.852982+00:00
C9242-26-0180,Financial Systems Analyst,foundation,,,49387.0,56515.0,year,"£49,387 to £56,515 a year",North West Ambulance Service NHS Trust,ambulance,North West,Permanent,full_time,open,2026-10-04,2026-09-15,19,,weekly,v1,0.6.0,73f813e5223942edb13ebd39138c99d9,2026-09-16T13:40:32.101581+00:00
M9990-26-0667,Lead Systems Engineer,unclassified,,,79898.4,92841.6,year,"£79,898.40 to £92,841.60 a year",NHS England,arms_length_body,North East and Yorkshire,Permanent,flexible,open,2026-09-29,2026-09-15,14,,weekly,v1,0.6.0,de0b49ed9a0e4adcb9a8ac3741035c60,2026-09-23T11:48:36.401058+00:00
E0132-26-2040,Systemic Family Therapist,unclassified,,,47302.0,47302.0,year,"£47,302 a year",Elysium Healthcare,other,South East,Permanent,full_time,open,2026-10-05,2026-09-08,27,,weekly,v1,0.6.0,34a87b6a92c049129c3f03a687c8bad9,2026-09-30T12:47:52.852982+00:00
C9188-26-0804,Workforce Systems Facilitator,foundation,,,32073.0,39043.0,year,"£32,073 to £39,043 a year",University Hospital Southampton NHS Trust,acute,South East,Fixed-Term,flexible,open,2026-09-24,2026-09-11,13,,weekly,v1,0.6.0,de0b49ed9a0e4adcb9a8ac3741035c60,2026-09-23T11:48:36.401058+00:00
B0464-26-0024,System Programme Officer,unclassified,,,57528.0,57528.0,year,"£57,528 a year",Yorkshire Health Partners Ltd,other,North East and Yorkshire,Fixed-Term,flexible,open,2026-09-29,2026-09-15,14,,weekly,v1,0.6.0,de0b49ed9a0e4adcb9a8ac3741035c60,2026-09-23T11:48:36.401058+00:00
H9050-26-1911,Family & Systemic Psychotherapist,unclassified,,,50129.0,65723.0,year,"£50,129 to £65,723 a year",Betsi Cadwaladr University Health Board,other,,Permanent,full_time,open,2026-10-01,2026-08-20,,,(none),v1,0.6.0,34a87b6a92c049129c3f03a687c8bad9,2026-09-30T12:47:52.852982+00:00
C9301-26-1217,Network & Systems Engineer,unclassified,,,39959.0,48117.0,year,"£39,959 to £48,117 a year",Midlands Partnership NHS Foundation Trust,acute,North West,Permanent,full_time,open,2026-09-30,2026-08-21,,,(none),v1,0.6.0,34a87b6a92c049129c3f03a687c8bad9,2026-09-30T12:47:52.852982+00:00
C9395-26-0505,CAMHS Systemic Family Therapist,unclassified,,,57528.0,64750.0,year,"£57,528 to £64,750 a year",NELFT North East London Foundation Trust,acute,London,Permanent,full_time,open,2026-09-21,2026-09-08,13,,weekly,v1,0.6.0,73f813e5223942edb13ebd39138c99d9,2026-09-16T13:40:32.101581+00:00
C9282-26-0788,Learning Management System Administrator,foundation,future,,33262.0,36027.0,year,"£33,262 to £36,027 a year",The Royal Marsden NHS Foundation Trust,acute,London,Permanent,part_time,open,2026-09-27,2026-09-07,13,,weekly,v1,0.6.0,de0b49ed9a0e4adcb9a8ac3741035c60,2026-09-23T11:48:36.401058+00:00
C9216-26-1388,Systems Operations Team Lead,unclassified,,,49387.0,56515.0,year,"£49,387 to £56,515 a year",University Hospitals Plymouth NHS Trust,acute,South West,Permanent,full_time,open,2026-09-30,2026-08-24,,,(none),v1,0.6.0,34a87b6a92c049129c3f03a687c8bad9,2026-09-30T12:47:52.852982+00:00
C9277-26-0805,Highly Specialist Systemic Psychotherapist,unclassified,,,63665.0,70887.0,year,"£63,665 to £70,887 a year",Oxleas NHS Foundation Trust,acute,London,Permanent,part_time,open,2026-09-23,2026-08-10,,,(none),v1,0.6.0,de0b49ed9a0e4adcb9a8ac3741035c60,2026-09-23T11:48:36.401058+00:00
C9277-26-0806,Highly Specialist Systemic Psychotherapist,unclassified,,,63665.0,70887.0,year,"£63,665 to £70,887 a year",Oxleas NHS Foundation Trust,acute,London,Permanent,part_time,open,2026-09-23,2026-08-10,,,(none),v1,0.6.0,de0b49ed9a0e4adcb9a8ac3741035c60,2026-09-23T11:48:36.401058+00:00
C9437-26-0807,Systemic Family Practice Trainee,unclassified,,,39959.0,48117.0,year,"£39,959 to £48,117 a year",Greater Manchester Mental Health NHS Foundation Trust,mental_health,North West,Fixed-Term,full_time,open,2026-09-18,2026-09-15,3,,weekly,v1,0.6.0,73f813e5223942edb13ebd39138c99d9,2026-09-16T13:40:32.101581+00:00
C9297-26-0474,Health Roster System Manager,unclassified,,,49387.0,56515.0,year,"£49,387 to £56,515 a year",Gateshead Health NHS Foundation Trust,acute,North East and Yorkshire,Permanent,full_time,open,2026-09-17,2026-09-03,14,,weekly,v1,0.6.0,73f813e5223942edb13ebd39138c99d9,2026-09-16T13:40:32.101581+00:00
C9224-26-0322,PACS & Radiology Systems Manager,bedside,foundation,,57528.0,64750.0,year,"£57,528 to £64,750 a year",Robert Jones and Agnes Hunt Orthopaedic Hospital NHS Foundation Trust,acute,Midlands,Permanent,full_time,open,2026-09-17,2026-09-03,14,,weekly,v1,0.6.0,73f813e5223942edb13ebd39138c99d9,2026-09-16T13:40:32.101581+00:00
C9425-26-0333,Family and Systemic Psychotherapist,unclassified,,,49387.0,56515.0,year,"£49,387 to £56,515 a year",Sheffield Children's NHS Foundation Trust,acute,North East and Yorkshire,Permanent,part_time,open,2026-09-22,2026-09-08,14,,weekly,v1,0.6.0,73f813e5223942edb13ebd39138c99d9,2026-09-16T13:40:32.101581+00:00
C9317-26-0756,Operating Systems Engineer (Interfaces),unclassified,,,39959.0,48117.0,year,"£39,959 to £48,117 a year",The Newcastle upon Tyne Hospitals NHS Foundation Trust,acute,North East and Yorkshire,Permanent,full_time,open,2026-10-01,2026-09-16,15,False,weekly,v1,0.6.0,34a87b6a92c049129c3f03a687c8bad9,2026-09-30T12:47:52.852982+00:00
M9203-26-0022,EPR Change Manager,bedside,,,50142.0,50142.0,year,"£50,142 a year",Innovate Healthcare Services,other,Midlands,Fixed-Term,flexible,open,2026-09-30,2026-09-01,,,(none),v1,0.6.0,de0b49ed9a0e4adcb9a8ac3741035c60,2026-09-23T11:48:36.401058+00:00
C9372-26-0468,EPR Clinical Lead,bedside,,,,,,Depends on experience,Calderdale and Huddersfield NHS Foundation Trust,acute,North East and Yorkshire,Permanent,flexible,open,2026-09-20,2026-09-09,11,,weekly,v1,0.6.0,73f813e5223942edb13ebd39138c99d9,2026-09-16T13:40:32.101581+00:00
C9388-26-0719,Research EPR Practitioner,bedside,,,39959.0,48117.0,year,"£39,959 to £48,117 a year",Torbay and South Devon NHS Foundation Trust,acute,South West,Fixed-Term,full_time,open,2026-09-20,2026-09-03,17,,weekly,v1,0.6.0,73f813e5223942edb13ebd39138c99d9,2026-09-16T13:40:32.101581+00:00
C9272-26-0505,Senior Information Analyst - EPR,bedside,,,39959.0,48117.0,year,"£39,959 to £48,117 a year",Doncaster & Bassetlaw Teaching Hospitals NHS FT,acute,North East and Yorkshire,Fixed-Term,full_time,open,2026-09-28,2026-09-14,14,,weekly,v1,0.6.0,de0b49ed9a0e4adcb9a8ac3741035c60,2026-09-23T11:48:36.401058+00:00
M9203-26-0020,EPR Cutover Project Manager,bedside,,,80348.0,80348.0,year,"£80,348 a year",Innovate Healthcare Services,other,Midlands,Fixed-Term,flexible,open,2026-09-21,2026-08-24,,,(none),v1,0.6.0,73f813e5223942edb13ebd39138c99d9,2026-09-16T13:40:32.101581+00:00
C9166-26-0331,Senior EPR Intelligence Analyst,bedside,,,35820.0,43003.0,year,"£35,820 to £43,003 a year",Chesterfield Royal Hospital NHS Foundation Trust,acute,Midlands,Fixed-Term,full_time,open,2026-09-22,2026-09-15,7,,weekly,v1,0.6.0,73f813e5223942edb13ebd39138c99d9,2026-09-16T13:40:32.101581+00:00
C9203-26-0538,EPR Communications and Engagement Lead,bedside,,,57528.0,64750.0,year,"£57,528 to £64,750 a year",South Warwickshire University NHS Foundation Trust,acute,Midlands,Fixed-Term,full_time,open,2026-09-20,2026-09-04,16,,weekly,v1,0.6.0,73f813e5223942edb13ebd39138c99d9,2026-09-16T13:40:32.101581+00:00
C9323-26-0454,EPR Analyst (Fixed Term - 12 months),bedside,,,33677.0,40996.0,year,"£33,677 to £40,996 a year",Ashford & St. Peter's Hospitals NHS Foundation Trust,acute,London,Fixed-Term,full_time,open,2026-09-24,2026-09-10,14,,weekly,v1,0.6.0,de0b49ed9a0e4adcb9a8ac3741035c60,2026-09-23T11:48:36.401058+00:00
C9321-26-1642,Pathway Administrator,unclassified,,,28392.0,31157.0,year,"£28,392 to £31,157 a year",Oxford University Hospitals NHS Foundation Trust,acute,South East,Permanent,full_time,open,2026-09-29,2026-09-15,14,,weekly,v1,0.6.0,73f813e5223942edb13ebd39138c99d9,2026-09-16T13:40:32.101581+00:00
C9321-26-1603,Patient Pathway Adminstrator,unclassified,,,28392.0,31157.0,year,"£28,392 to £31,157 a year",Oxford University Hospitals NHS Foundation Trust,acute,South East,Permanent,full_time,open,2026-09-24,2026-09-10,14,,weekly,v1,0.6.0,73f813e5223942edb13ebd39138c99d9,2026-09-16T13:40:32.101581+00:00
C9321-26-1535,Patient Pathway Coordinator - Maternity cover,unclassified,,,28392.0,31157.0,year,"£28,392 to £31,157 a year",Oxford University Hospitals NHS Foundation Trust,acute,South East,Fixed-Term,part_time,open,2026-09-16,2026-09-03,13,,weekly,v1,0.6.0,73f813e5223942edb13ebd39138c99d9,2026-09-16T13:40:32.101581+00:00
C9321-26-1652,Assistant Patient Pathway Administrator,unclassified,,,25272.0,27476.0,year,"£25,272 to £27,476 a year",Oxford University Hospitals NHS Foundation Trust,acute,South East,Permanent,part_time,open,2026-09-30,2026-09-16,14,,weekly,v1,0.6.0,de0b49ed9a0e4adcb9a8ac3741035c60,2026-09-23T11:48:36.401058+00:00
M0042-26-0248,Advanced Pharmacist Emergency Medicine,bedside,,,36.41,36.41,hour,£36.41 an hour,NHS Professionals Limited,other,London,Bank,flexible,open,2026-12-31,2026-08-11,,,(none),v1,0.6.0,34a87b6a92c049129c3f03a687c8bad9,2026-09-30T12:47:52.852982+00:00
C9364-26-0879,Therapy Assistant,unclassified,,,28392.0,31157.0,year,"£28,392 to £31,157 a year",Essex Partnership University NHS Foundation Trust,acute,East of England,Permanent,full_time,open,2026-09-18,2026-09-11,7,,weekly,v1,0.6.0,73f813e5223942edb13ebd39138c99d9,2026-09-16T13:40:32.101581+00:00
M0042-90094,Radiographer Assistant,unclassified,,,13.79,13.79,hour,£13.79 an hour,NHS Professionals Limited,other,East of England,Bank,flexible,open,2027-01-21,2026-07-15,,,(none),v1,0.6.0,34a87b6a92c049129c3f03a687c8bad9,2026-09-30T12:47:52.852982+00:00
C9334-26-0854,Senior Communications Manager – Electronic Patient Records Programme,unclassified,,,66274.0,73496.0,year,"£66,274 to £73,496 a year",South London and Maudsley NHS Foundation Trust,acute,London,Fixed-Term,full_time,open,2026-09-21,2026-09-07,14,,weekly,v1,0.6.0,73f813e5223942edb13ebd39138c99d9,2026-09-16T13:40:32.101581+00:00
C9153-26-0778,Senior Clerical Officer,unclassified,,,25760.0,27476.0,year,"£25,760 to £27,476 a year",University Hospitals Dorset NHS Foundation Trust,acute,,Permanent,full_time,open,2026-09-27,2026-09-15,12,,weekly,v1,0.6.0,de0b49ed9a0e4adcb9a8ac3741035c60,2026-09-23T11:48:36.401058+00:00
E9810-26-0282,Care Coordination Administrator,unclassified,,,25760.0,27476.0,year,"£25,760 to £27,476 a year",City Health Care Partnership CIC,other,North East and Yorkshire,Permanent,full_time,open,2026-09-17,2026-09-03,14,,weekly,v1,0.6.0,73f813e5223942edb13ebd39138c99d9,2026-09-16T13:40:32.101581+00:00
C9320-26-0877,End of Life Care Clinical Educator,unclassified,,,39959.0,48117.0,year,"£39,959 to £48,117 a year",University Hospitals of Derby and Burton NHS Foundation Trust,acute,Midlands,Fixed-Term,part_time,open,2026-09-22,2026-09-08,14,,weekly,v1,0.6.0,73f813e5223942edb13ebd39138c99d9,2026-09-16T13:40:32.101581+00:00
C9193-26-0599,Senior Clinical Coder,lifeblood,,,32073.0,39043.0,year,"£32,073 to £39,043 a year",Royal Berkshire NHS Foundation Trust,acute,South East,Permanent,flexible,open,2026-10-01,2026-09-10,14,,weekly,v1,0.6.0,de0b49ed9a0e4adcb9a8ac3741035c60,2026-09-23T11:48:36.401058+00:00
C9321-26-1602,Gastro and Hepatology MDT Co-Ordinator,unclassified,,,28392.0,31157.0,year,"£28,392 to £31,157 a year",Oxford University Hospitals NHS Foundation Trust,acute,South East,Fixed-Term,full_time,open,2026-09-24,2026-09-10,14,,weekly,v1,0.6.0,de0b49ed9a0e4adcb9a8ac3741035c60,2026-09-23T11:48:36.401058+00:00
C9348-26-1928,Information Quality Analyst,unclassified,,,28392.0,31157.0,year,"£28,392 to £31,157 a year",Hampshire and Isle of Wight Healthcare NHS Foundation Trust,acute,South East,Permanent,full_time,open,2026-09-20,2026-09-07,13,,weekly,v1,0.6.0,73f813e5223942edb13ebd39138c99d9,2026-09-16T13:40:32.101581+00:00
E0484-26-0008,Clinical Coder,lifeblood,,,,,,Depends on experience,Optimised Care Ltd,other,Midlands,Permanent,flexible,open,2026-09-30,2026-07-15,,,(none),v1,0.6.0,34a87b6a92c049129c3f03a687c8bad9,2026-09-30T12:47:52.852982+00:00
C9153-26-0754,Headache Nurse Specialist,unclassified,,,39959.0,48117.0,year,"£39,959 to £48,117 a year",University Hospitals Dorset NHS Foundation Trust,acute,,Secondment,full_time,open,2026-09-16,2026-09-08,8,,weekly,v1,0.6.0,73f813e5223942edb13ebd39138c99d9,2026-09-16T13:40:32.101581+00:00
C9290-26-0995,"ED, Homeless Health, and High-Intensity User Housing Worker",unclassified,,,47951.0,56863.0,year,"£47,951 to £56,863 a year",Imperial College Healthcare NHS Trust,acute,London,Fixed-Term,full_time,open,2026-09-17,2026-09-04,13,,weekly,v1,0.6.0,73f813e5223942edb13ebd39138c99d9,2026-09-16T13:40:32.101581+00:00
C9389-26-0456,Staff Nurse - Elderly Virtual Ward,bedside,,,32073.0,39043.0,year,"£32,073 to £39,043 a year",Bradford Teaching Hospitals NHS Foundation Trust,acute,North East and Yorkshire,Permanent,flexible,open,2026-09-20,2026-09-03,17,,weekly,v1,0.6.0,73f813e5223942edb13ebd39138c99d9,2026-09-16T13:40:32.101581+00:00
C9824-26-0831,Information Governance Advisor,lifeblood,,,47951.0,56863.0,year,"£47,951 to £56,863 a year",Central London Community Health Trust,community,London,Permanent,full_time,open,2026-09-29,2026-09-15,14,,weekly,v1,0.6.0,de0b49ed9a0e4adcb9a8ac3741035c60,2026-09-23T11:48:36.401058+00:00
D9461-26-0011,Information Governance Manager,lifeblood,,,49387.0,56515.0,year,"£49,387 to £56,515 a year","NHS Bristol, North Somerset and South Gloucestershire Integrated Care Board",icb,South West,Permanent,flexible,open,2026-09-27,2026-09-10,17,,weekly,v1,0.6.0,de0b49ed9a0e4adcb9a8ac3741035c60,2026-09-23T11:48:36.401058+00:00
C9408-26-0359,Information Governance Clerk - Access,lifeblood,,,25272.0,25272.0,year,"£25,272 a year",Wirral University Teaching Hospitals NHS Trust,acute,North West,Permanent,full_time,open,2026-09-16,2026-09-04,12,,weekly,v1,0.6.0,73f813e5223942edb13ebd39138c99d9,2026-09-16T13:40:32.101581+00:00
C9408-26-0360,Information Governance Clerk - Access,lifeblood,,,25272.0,25272.0,year,"£25,272 a year",Wirral University Teaching Hospitals NHS Trust,acute,North West,Fixed-Term,full_time,open,2026-09-16,2026-09-04,12,,weekly,v1,0.6.0,73f813e5223942edb13ebd39138c99d9,2026-09-16T13:40:32.101581+00:00
C9824-26-0832,Information Governance and Records Manager,lifeblood,,,58133.0,65261.0,year,"£58,133 to £65,261 a year",Central London Community Health Trust,community,London,Permanent,full_time,open,2026-09-29,2026-09-15,14,,weekly,v1,0.6.0,de0b49ed9a0e4adcb9a8ac3741035c60,2026-09-23T11:48:36.401058+00:00
M9980-26-0118,Lead Technical Expert - Information Governance,lifeblood,,,66582.0,77368.0,year,"£66,582 to £77,368 a year",Health Research Authority,arms_length_body,Midlands,Secondment,flexible,open,2026-09-20,2026-08-25,,,(none),v1,0.6.0,73f813e5223942edb13ebd39138c99d9,2026-09-16T13:40:32.101581+00:00
C9824-26-0814,Information Governance and Records Manager,lifeblood,,,58133.0,65261.0,year,"£58,133 to £65,261 a year",Central London Community Health Trust,community,London,Fixed-Term,full_time,open,2026-09-24,2026-09-11,13,,weekly,v1,0.6.0,de0b49ed9a0e4adcb9a8ac3741035c60,2026-09-23T11:48:36.401058+00:00
M9980-26-0117,Lead Technical Expert - Information Governance,lifeblood,,,66582.0,77368.0,year,"£66,582 to £77,368 a year",Health Research Authority,arms_length_body,North East and Yorkshire,Secondment,flexible,open,2026-09-20,2026-08-25,,,(none),v1,0.6.0,73f813e5223942edb13ebd39138c99d9,2026-09-16T13:40:32.101581+00:00
M9980-26-0119,Lead Technical Expert - Information Governance,lifeblood,,,66582.0,77368.0,year,"£66,582 to £77,368 a year",Health Research Authority,arms_length_body,North West,Secondment,flexible,open,2026-09-20,2026-08-25,,,(none),v1,0.6.0,73f813e5223942edb13ebd39138c99d9,2026-09-16T13:40:32.101581+00:00
C9824-26-0825,Deputy Head of Information Governance (Interim),lifeblood,,,58133.0,65261.0,year,"£58,133 to £65,261 a year",Central London Community Health Trust,community,London,Fixed-Term,full_time,open,2026-09-24,2026-09-14,10,,weekly,v1,0.6.0,de0b49ed9a0e4adcb9a8ac3741035c60,2026-09-23T11:48:36.401058+00:00
C9350-26-0811,Deputy Head of Information Governance (Primary Care),lifeblood,,,57528.0,64750.0,year,"£57,528 to £64,750 a year",Mersey Care NHS Foundation Trust,acute,North West,Permanent,full_time,open,2026-09-29,2026-09-01,,,(none),v1,0.6.0,de0b49ed9a0e4adcb9a8ac3741035c60,2026-09-23T11:48:36.401058+00:00
C9824-26-0816,Information Governance Advisor (12 months Fixed Term),lifeblood,,,47951.0,56863.0,year,"£47,951 to £56,863 a year",Central London Community Health Trust,community,London,Fixed-Term,full_time,open,2026-09-24,2026-09-11,13,,weekly,v1,0.6.0,de0b49ed9a0e4adcb9a8ac3741035c60,2026-09-23T11:48:36.401058+00:00
E0327-26-0482,Governance Administrator,unclassified,,,,,,Depends on experience,Operose Health,other,London,Permanent,full_time,open,2026-09-25,2026-09-15,10,,weekly,v1,0.6.0,de0b49ed9a0e4adcb9a8ac3741035c60,2026-09-23T11:48:36.401058+00:00
A5669-26-0014,Information & Change Manager,unclassified,,,,,,Depends on experience,Norton Medical Centre,primary_care,North East and Yorkshire,Permanent,flexible,open,2026-09-30,2026-09-08,22,,weekly,v1,0.6.0,34a87b6a92c049129c3f03a687c8bad9,2026-09-30T12:47:52.852982+00:00
B0023-26-0042,Corporate Governance Administrator,unclassified,,,27663.0,27663.0,year,"£27,663 a year",St Luke's Hospice,other,North East and Yorkshire,Permanent,part_time,open,2026-09-16,2026-09-02,14,,weekly,v1,0.6.0,73f813e5223942edb13ebd39138c99d9,2026-09-16T13:40:32.101581+00:00
B0339-26-0007,Operations & Governance Coordinator,unclassified,,,28072.0,28072.0,year,"£28,072 a year",Care Unbound Ltd t/a Here,other,South East,Permanent,full_time,open,2026-09-16,2026-09-03,13,,weekly,v1,0.6.0,73f813e5223942edb13ebd39138c99d9,2026-09-16T13:40:32.101581+00:00
C8192-26-0480,Corporate Governance Officer,unclassified,,,32073.0,39043.0,year,"£32,073 to £39,043 a year",Portsmouth Hospitals University NHS Trust,acute,South East,Permanent,full_time,open,2026-09-21,2026-09-07,14,,weekly,v1,0.6.0,73f813e5223942edb13ebd39138c99d9,2026-09-16T13:40:32.101581+00:00
E0302-26-0969,Clinical Governance Lead,unclassified,,,,,,Depends on experience,Nuffield Health,other,Midlands,Permanent,full_time,open,2026-09-22,2026-08-25,,,(none),v1,0.6.0,73f813e5223942edb13ebd39138c99d9,2026-09-16T13:40:32.101581+00:00
C9470-26-0501,Corporate Governance Officer,unclassified,,,32073.0,39043.0,year,"£32,073 to £39,043 a year",Isle of Wight NHS Trust,acute,South East,Permanent,full_time,open,2026-09-21,2026-09-07,14,,weekly,v1,0.6.0,73f813e5223942edb13ebd39138c99d9,2026-09-16T13:40:32.101581+00:00
C9303-26-0129,Clinical Governance Facilitator,unclassified,,,32073.0,39043.0,year,"£32,073 to £39,043 a year",The Royal Orthopaedic Hospital NHS Foundation Trust,acute,Midlands,Permanent,full_time,open,2026-09-27,2026-09-16,11,,weekly,v1,0.6.0,de0b49ed9a0e4adcb9a8ac3741035c60,2026-09-23T11:48:36.401058+00:00
E0302-26-1060,Clinical Governance Lead,unclassified,,,,,,Depends on experience,Nuffield Health,other,South East,Permanent,full_time,open,2026-10-09,2026-09-14,25,,weekly,v1,0.6.0,34a87b6a92c049129c3f03a687c8bad9,2026-09-30T12:47:52.852982+00:00
K9919-26-0268,Epidemiology and Information Scientist,unclassified,,,33422.0,35612.0,year,"£33,422 to £35,612 a year",UK Health Security Agency,arms_length_body,London,Fixed-Term,flexible,open,2026-09-22,2026-09-08,14,,weekly,v1,0.6.0,73f813e5223942edb13ebd39138c99d9,2026-09-16T13:40:32.101581+00:00
C9337-26-0720,"Benefits, Advice & Information Worker",unclassified,,,33262.0,36027.0,year,"£33,262 to £36,027 a year",London North West University Healthcare NHS Trust,acute,London,Permanent,part_time,open,2026-09-16,2026-09-07,9,,weekly,v1,0.6.0,73f813e5223942edb13ebd39138c99d9,2026-09-16T13:40:32.101581+00:00
C9320-26-0906,Macmillan Information Centre Assistant,unclassified,,,28392.0,31157.0,year,"£28,392 to £31,157 a year",University Hospitals of Derby and Burton NHS Foundation Trust,acute,Midlands,Permanent,part_time,open,2026-09-23,2026-09-11,12,,weekly,v1,0.6.0,73f813e5223942edb13ebd39138c99d9,2026-09-16T13:40:32.101581+00:00
C8192-26-0498,Urgent Care Governance Coordinator,unclassified,,,49387.0,56515.0,year,"£49,387 to £56,515 a year",Portsmouth Hospitals University NHS Trust,acute,South East,Permanent,full_time,open,2026-09-28,2026-09-14,14,,weekly,v1,0.6.0,73f813e5223942edb13ebd39138c99d9,2026-09-16T13:40:32.101581+00:00
A4590-26-0001,Operations Manager (Quality & Governance),unclassified,,,32000.0,36000.0,year,"£32,000 to £36,000 a year",Claremont and Holyport Surgery,primary_care,South East,Permanent,part_time,open,2026-10-02,2026-09-14,18,False,weekly,v1,0.6.0,73f813e5223942edb13ebd39138c99d9,2026-09-16T13:40:32.101581+00:00
C9289-CR-183,Data Analyst,lifeblood,,,39959.0,48117.0,year,"£39,959 to £48,117 a year",Chelsea and Westminster Hospital NHS Foundation Trust,acute,London,Fixed-Term,full_time,open,2026-09-29,2026-09-16,13,False,weekly,v1,0.6.0,73f813e5223942edb13ebd39138c99d9,2026-09-16T13:40:32.101581+00:00
C9363-26-1026,Principal Data Analyst,lifeblood,,,58133.0,65261.0,year,"£58,133 to £65,261 a year",East London NHS Foundation Trust,acute,London,Permanent,full_time,open,2026-09-20,2026-09-01,,,(none),v1,0.6.0,73f813e5223942edb13ebd39138c99d9,2026-09-16T13:40:32.101581+00:00
A5759-26-0003,Clinical Administrator & Data Analyst,lifeblood,,,15.0,15.0,hour,£15 an hour,Crawley Road Medical Centre,primary_care,London,Permanent,full_time,open,2026-09-30,2026-09-09,21,,weekly,v1,0.6.0,73f813e5223942edb13ebd39138c99d9,2026-09-16T13:40:32.101581+00:00
C9205-26-1842,Business Data Manager and Analyst,lifeblood,,,57528.0,64750.0,year,"£57,528 to £64,750 a year",University Hospital of North Midlands NHS Trust,acute,North West,Permanent,flexible,open,2026-09-20,2026-09-11,9,,weekly,v1,0.6.0,73f813e5223942edb13ebd39138c99d9,2026-09-16T13:40:32.101581+00:00
M9297-26-0082,Finance Analyst,unclassified,,,40227.0,40227.0,year,"£40,227 a year",QE Facilities,other,North East and Yorkshire,Permanent,full_time,open,2026-09-29,2026-09-15,14,,weekly,v1,0.6.0,de0b49ed9a0e4adcb9a8ac3741035c60,2026-09-23T11:48:36.401058+00:00
C9337-26-0717,Quality Analyst,unclassified,,,33262.0,36027.0,year,"£33,262 to £36,027 a year",London North West University Healthcare NHS Trust,acute,London,Permanent,full_time,open,2026-09-16,2026-09-03,13,,weekly,v1,0.6.0,73f813e5223942edb13ebd39138c99d9,2026-09-16T13:40:32.101581+00:00
D9644-26-0042,Principal Analyst,unclassified,,,66582.0,77368.0,year,"£66,582 to £77,368 a year",NHS Central East ICB,icb,East of England,Permanent,full_time,open,2026-09-24,2026-09-10,14,,weekly,v1,0.6.0,de0b49ed9a0e4adcb9a8ac3741035c60,2026-09-23T11:48:36.401058+00:00
C9348-26-1965,Finance Analyst,unclassified,,,32073.0,39043.0,year,"£32,073 to £39,043 a year",Hampshire and Isle of Wight Healthcare NHS Foundation Trust,acute,South East,Permanent,full_time,open,2026-09-27,2026-09-14,13,,weekly,v1,0.6.0,de0b49ed9a0e4adcb9a8ac3741035c60,2026-09-23T11:48:36.401058+00:00
C9180-26-1144,Data Coordinator,unclassified,,,28392.0,31157.0,year,"£28,392 to £31,157 a year",Cambridge University Hospital NHS Foundation Trust,acute,East of England,Permanent,flexible,open,2026-09-20,2026-09-09,11,,weekly,v1,0.6.0,73f813e5223942edb13ebd39138c99d9,2026-09-16T13:40:32.101581+00:00
D9134-26-0066,Data Engineer,lifeblood,,,39959.0,48117.0,year,"£39,959 to £48,117 a year",North East & North Cumbria ICB,icb,North East and Yorkshire,Permanent,flexible,open,2026-09-30,2026-09-16,14,,weekly,v1,0.6.0,34a87b6a92c049129c3f03a687c8bad9,2026-09-30T12:47:52.852982+00:00
E0505-26-0446,Data Lead,lifeblood,,,27485.0,33510.0,year,"£27,485 to £33,510 a year",Practice Plus Group - Health in Justice,other,North East and Yorkshire,Permanent,full_time,open,2026-09-30,2026-09-16,14,,weekly,v1,0.6.0,34a87b6a92c049129c3f03a687c8bad9,2026-09-30T12:47:52.852982+00:00
C9356-26-0609,BadgerNet Data Administrator,lifeblood,,,25760.0,27476.0,year,"£25,760 to £27,476 a year",Hull University Teaching Hospitals NHS Trust,acute,North East and Yorkshire,Permanent,part_time,open,2026-09-20,2026-09-11,9,,weekly,v1,0.6.0,73f813e5223942edb13ebd39138c99d9,2026-09-16T13:40:32.101581+00:00
C9173-26-0413,Service Desk Analyst,foundation,,,28392.0,31157.0,year,"£28,392 to £31,157 a year",Leeds and York Partnership NHS Foundation Trust,acute,North East and Yorkshire,Permanent,full_time,open,2026-09-16,2026-09-02,14,,weekly,v1,0.6.0,73f813e5223942edb13ebd39138c99d9,2026-09-16T13:40:32.101581+00:00
C9309-26-0902,EHR Senior Analyst,bedside,,,66274.0,73496.0,year,"£66,274 to £73,496 a year",University College London Hospitals NHS Foundation Trust,acute,London,Permanent,full_time,open,2026-09-23,2026-09-09,14,,weekly,v1,0.6.0,de0b49ed9a0e4adcb9a8ac3741035c60,2026-09-23T11:48:36.401058+00:00
C9309-26-0901,EHR Adoption Analyst,bedside,,,58133.0,65261.0,year,"£58,133 to £65,261 a year",University College London Hospitals NHS Foundation Trust,acute,London,Fixed-Term,full_time,open,2026-09-23,2026-09-09,14,,weekly,v1,0.6.0,de0b49ed9a0e4adcb9a8ac3741035c60,2026-09-23T11:48:36.401058+00:00
C9313-26-0396,Service Desk Analyst,foundation,,,28392.0,31157.0,year,"£28,392 to £31,157 a year",Leicestershire Partnership NHS Trust,acute,Midlands,Permanent,full_time,open,2026-09-17,2026-09-03,14,,weekly,v1,0.6.0,73f813e5223942edb13ebd39138c99d9,2026-09-16T13:40:32.101581+00:00
C9812-26-0353,Positive Behaviour Analyst,unclassified,,,39959.0,48117.0,year,"£39,959 to £48,117 a year",Hertfordshire Community NHS Trust,community,East of England,Fixed-Term,flexible,open,2026-09-21,2026-09-08,13,,weekly,v1,0.6.0,73f813e5223942edb13ebd39138c99d9,2026-09-16T13:40:32.101581+00:00
A2111-26-0027,Business Intelligence Analyst,lifeblood,,,40000.0,40000.0,year,"£40,000 a year",Portsdown Group Practice,primary_care,South East,Permanent,full_time,open,2026-09-25,2026-08-17,,,(none),v1,0.6.0,de0b49ed9a0e4adcb9a8ac3741035c60,2026-09-23T11:48:36.401058+00:00
C9325-26-0666,Cyber Security Analyst,foundation,,,41957.0,50387.0,year,"£41,957 to £50,387 a year",Surrey and Borders Partnership NHS Foundation Trust,acute,London,Permanent,full_time,open,2026-09-23,2026-09-09,14,,weekly,v1,0.6.0,73f813e5223942edb13ebd39138c99d9,2026-09-16T13:40:32.101581+00:00
B0215-26-0027,Data Protection Officer,lifeblood,,,22450.0,22450.0,year,"£22,450 a year",St Barnabas Hospice,other,Midlands,Permanent,part_time,open,2026-09-17,2026-09-03,14,,weekly,v1,0.6.0,73f813e5223942edb13ebd39138c99d9,2026-09-16T13:40:32.101581+00:00
B0158-26-0117,Data Care Coordinator,unclassified,,,,,,Depends on experience,Vertis Health,other,Midlands,Permanent,part_time,open,2026-10-07,2026-09-16,21,False,weekly,v1,0.6.0,73f813e5223942edb13ebd39138c99d9,2026-09-16T13:40:32.101581+00:00
C9180-26-1150,Administrator/Data Coordinator,unclassified,,,28392.0,31157.0,year,"£28,392 to £31,157 a year",Cambridge University Hospital NHS Foundation Trust,acute,East of England,Permanent,flexible,open,2026-09-17,2026-09-11,6,False,weekly,v1,0.6.0,73f813e5223942edb13ebd39138c99d9,2026-09-16T13:40:32.101581+00:00
C9439-2627-RP-N280,Data Quality Officer,lifeblood,,,25760.0,27476.0,year,"£25,760 to £27,476 a year",County Durham & Darlington NHS Foundation Trust,acute,North East and Yorkshire,Permanent,full_time,open,2026-09-21,2026-09-14,7,False,weekly,v1,0.6.0,73f813e5223942edb13ebd39138c99d9,2026-09-16T13:40:32.101581+00:00
C9337-26-0742,Data Quality Manager,lifeblood,,,55524.0,62652.0,year,"£55,524 to £62,652 a year",London North West University Healthcare NHS Trust,acute,London,Permanent,flexible,open,2026-09-29,2026-09-15,14,False,weekly,v1,0.6.0,73f813e5223942edb13ebd39138c99d9,2026-09-16T13:40:32.101581+00:00
M9990-26-0630,Junior Cyber Security Analyst (Security Officer),foundation,,,43954.9,52928.7,year,"£43,954.90 to £52,928.70 a year",NHS England,arms_length_body,North East and Yorkshire,Permanent,flexible,open,2026-09-21,2026-09-07,14,,weekly,v1,0.6.0,73f813e5223942edb13ebd39138c99d9,2026-09-16T13:40:32.101581+00:00
K9919-26-0263,Lead Cyber Security Architect,foundation,,,56185.0,70566.0,year,"£56,185 to £70,566 a year",UK Health Security Agency,arms_length_body,London,Permanent,flexible,open,2026-09-16,2026-09-02,14,,weekly,v1,0.6.0,73f813e5223942edb13ebd39138c99d9,2026-09-16T13:40:32.101581+00:00
M9990-26-0669,Cyber Security Analyst - Infrastructure & Networks,foundation,,,59264.4,67818.0,year,"£59,264.40 to £67,818 a year",NHS England,arms_length_body,North East and Yorkshire,Permanent,flexible,open,2026-10-04,2026-09-16,14,,weekly,v1,0.6.0,34a87b6a92c049129c3f03a687c8bad9,2026-09-30T12:47:52.852982+00:00
M9990-26-0651,Cyber Security Advisor (SIEM Engineering),foundation,,,59264.4,67818.0,year,"£59,264.40 to £67,818 a year",NHS England,arms_length_body,North East and Yorkshire,Permanent,flexible,open,2026-09-24,2026-09-10,14,,weekly,v1,0.6.0,de0b49ed9a0e4adcb9a8ac3741035c60,2026-09-23T11:48:36.401058+00:00
C9298-26-0958,Security Officer,unclassified,,,25760.0,27476.0,year,"£25,760 to £27,476 a year",Leeds Teaching Hospitals,acute,North East and Yorkshire,Permanent,full_time,open,2026-09-29,2026-09-15,14,,weekly,v1,0.6.0,73f813e5223942edb13ebd39138c99d9,2026-09-16T13:40:32.101581+00:00
C9241-26-0325,Security Officer,unclassified,,,25272.0,25272.0,year,"£25,272 a year",Bolton NHS Foundation Trust,acute,North West,Permanent,full_time,open,2026-09-29,2026-09-15,14,,weekly,v1,0.6.0,de0b49ed9a0e4adcb9a8ac3741035c60,2026-09-23T11:48:36.401058+00:00
C9338-26-0467,Security Assistant,unclassified,,,25272.0,25272.0,year,"£25,272 a year",Humber Teaching NHS Foundation Trust,acute,North East and Yorkshire,Permanent,full_time,open,2026-09-27,2026-09-11,16,,weekly,v1,0.6.0,de0b49ed9a0e4adcb9a8ac3741035c60,2026-09-23T11:48:36.401058+00:00
C9241-26-0328,Security Supervisor,unclassified,,,25760.0,27476.0,year,"£25,760 to £27,476 a year",Bolton NHS Foundation Trust,acute,North West,Permanent,full_time,open,2026-09-29,2026-09-15,14,,weekly,v1,0.6.0,de0b49ed9a0e4adcb9a8ac3741035c60,2026-09-23T11:48:36.401058+00:00
C9388-26-0715,Healthcare Security Officer,unclassified,,,25760.0,27476.0,year,"£25,760 to £27,476 a year",Torbay and South Devon NHS Foundation Trust,acute,South West,Permanent,full_time,open,2026-09-29,2026-09-01,,,(none),v1,0.6.0,de0b49ed9a0e4adcb9a8ac3741035c60,2026-09-23T11:48:36.401058+00:00
C9320-26-0860,Fire & Security Manager,unclassified,,,49387.0,56515.0,year,"£49,387 to £56,515 a year",University Hospitals of Derby and Burton NHS Foundation Trust,acute,Midlands,Permanent,full_time,open,2026-09-16,2026-09-03,13,,weekly,v1,0.6.0,73f813e5223942edb13ebd39138c99d9,2026-09-16T13:40:32.101581+00:00
E0132-26-2091,Group Security Lead,unclassified,,,,,,Depends on experience,Elysium Healthcare,other,London,Permanent,full_time,open,2026-10-15,2026-09-15,30,,weekly,v1,0.6.0,34a87b6a92c049129c3f03a687c8bad9,2026-09-30T12:47:52.852982+00:00
C9390-26-2155,Portering Security Supervisor,unclassified,,,25760.0,25760.0,year,"£25,760 a year",Mid and South Essex NHS Foundation Trust,acute,East of England,Permanent,full_time,open,2026-09-16,2026-09-11,5,,weekly,v1,0.6.0,73f813e5223942edb13ebd39138c99d9,2026-09-16T13:40:32.101581+00:00
E0132-26-1878,"Health, Safety & Security Lead",unclassified,,,33825.0,33825.0,year,"£33,825 a year",Elysium Healthcare,other,South East,Permanent,full_time,open,2026-09-30,2026-08-24,,,(none),v1,0.6.0,34a87b6a92c049129c3f03a687c8bad9,2026-09-30T12:47:52.852982+00:00
C9334-26-0886,Therapeutic Security Support Assistant,unclassified,,,30142.0,30142.0,year,"£30,142 a year",South London and Maudsley NHS Foundation Trust,acute,London,Permanent,part_time,open,2026-09-28,2026-09-14,14,,weekly,v1,0.6.0,73f813e5223942edb13ebd39138c99d9,2026-09-16T13:40:32.101581+00:00
C9232-26-0219,Fire Safety and Security Officer,unclassified,,,39959.0,48117.0,year,"£39,959 to £48,117 a year",North Staffordshire Combined Healthcare Trust,other,North West,Permanent,full_time,open,2026-09-16,2026-08-26,,,(none),v1,0.6.0,73f813e5223942edb13ebd39138c99d9,2026-09-16T13:40:32.101581+00:00
C0023-26-1079,Health Care Security Operations Officer,unclassified,,,25760.0,27476.0,year,"£25,760 to £27,476 a year",Royal Devon University Healthcare NHS Foundation Trust,acute,South West,Permanent,full_time,open,2026-09-18,2026-09-04,14,,weekly,v1,0.6.0,73f813e5223942edb13ebd39138c99d9,2026-09-16T13:40:32.101581+00:00
C9177-26-0377,Bank Portering and Security Officer,unclassified,,,24071.0,25674.0,year,"£24,071 to £25,674 a year",James Paget University Hospitals NHS Foundation Trust,acute,East of England,Bank,flexible,open,2026-09-18,2026-09-14,4,,weekly,v1,0.6.0,73f813e5223942edb13ebd39138c99d9,2026-09-16T13:40:32.101581+00:00
C9241-26-0329,"Security, Access and Parking Administrator",unclassified,,,25272.0,25272.0,year,"£25,272 a year",Bolton NHS Foundation Trust,acute,North West,Permanent,full_time,open,2026-09-29,2026-09-15,14,,weekly,v1,0.6.0,de0b49ed9a0e4adcb9a8ac3741035c60,2026-09-23T11:48:36.401058+00:00
C9264-26-0533,Data Security and Protection Team Leader,unclassified,,,39959.0,48117.0,year,"£39,959 to £48,117 a year",Kettering General Hospital NHS Foundation Trust,acute,Midlands,Permanent,flexible,open,2026-09-20,2026-09-10,10,,weekly,v1,0.6.0,73f813e5223942edb13ebd39138c99d9,2026-09-16T13:40:32.101581+00:00
C9798-2610,"Head of Fire, Health & Safety and Security",unclassified,,,66582.0,77368.0,year,"£66,582 to £77,368 a year",Herefordshire and Worcestershire Health and Care NHS Trust,acute,Midlands,Permanent,full_time,open,2026-10-09,2026-09-11,14,,weekly,v1,0.6.0,34a87b6a92c049129c3f03a687c8bad9,2026-09-30T12:47:52.852982+00:00
B9083-26-0506,Head of Health and Safety and Security,unclassified,,,66582.0,77368.0,year,"£66,582 to £77,368 a year",Sirona care & health CIC,other,South West,Permanent,flexible,open,2026-09-28,2026-09-14,14,,weekly,v1,0.6.0,de0b49ed9a0e4adcb9a8ac3741035c60,2026-09-23T11:48:36.401058+00:00
B9848-26-0172,IT Infrastructure and Client Computing Manager,foundation,,,63665.0,70887.0,year,"£63,665 to £70,887 a year",Bromley Healthcare CIC,other,London,Permanent,full_time,open,2026-09-20,2026-09-11,9,,weekly,v1,0.6.0,73f813e5223942edb13ebd39138c99d9,2026-09-16T13:40:32.101581+00:00
C9241-26-0321,Senior IT Systems Engineer - M365,unclassified,,,39959.0,48117.0,year,"£39,959 to £48,117 a year",Bolton NHS Foundation Trust,acute,North West,Permanent,full_time,open,2026-09-24,2026-09-15,9,,weekly,v1,0.6.0,de0b49ed9a0e4adcb9a8ac3741035c60,2026-09-23T11:48:36.401058+00:00
C9190-26-0558,Senior IG Officer,unclassified,,,39959.0,48117.0,year,"£39,959 to £48,117 a year",Sheffield Teaching Hospitals NHS Foundation Trust,acute,North East and Yorkshire,Permanent,flexible,open,2026-09-28,2026-09-15,13,,weekly,v1,0.6.0,de0b49ed9a0e4adcb9a8ac3741035c60,2026-09-23T11:48:36.401058+00:00
C9236-26-1019,Unified Communications Team Lead,unclassified,,,49387.0,56515.0,year,"£49,387 to £56,515 a year",Northern Care Alliance NHS Foundation Trust,acute,North West,Permanent,full_time,open,2026-09-28,2026-09-15,13,,weekly,v1,0.6.0,73f813e5223942edb13ebd39138c99d9,2026-09-16T13:40:32.101581+00:00
B0339-26-0003,Senior Business Intelligence Analyst,lifeblood,,,29217.0,43539.0,year,"£29,217 to £43,539 a year",Care Unbound Ltd t/a Here,other,South East,Permanent,full_time,open,2026-09-20,2026-08-17,,,(none),v1,0.6.0,73f813e5223942edb13ebd39138c99d9,2026-09-16T13:40:32.101581+00:00
C9292-26-0360,Integration Engineer,lifeblood,,,49387.0,56515.0,year,"£49,387 to £56,515 a year",The Princess Alexandra Hospital NHS Trust,acute,East of England,Fixed-Term,full_time,open,2026-09-23,2026-09-09,14,,weekly,v1,0.6.0,de0b49ed9a0e4adcb9a8ac3741035c60,2026-09-23T11:48:36.401058+00:00
C9339-26-1117,Rehabilitation Engineer,unclassified,,,49387.0,56515.0,year,"£49,387 to £56,515 a year",Bristol NHS Foundation Trust,acute,South West,Fixed-Term,full_time,open,2026-10-08,2026-09-10,28,,weekly,v1,0.6.0,34a87b6a92c049129c3f03a687c8bad9,2026-09-30T12:47:52.852982+00:00
C9408-26-0380,Medical Engineer,unclassified,,,32073.0,39043.0,year,"£32,073 to £39,043 a year",Wirral University Teaching Hospitals NHS Trust,acute,North West,Permanent,full_time,open,2026-09-30,2026-09-16,14,,weekly,v1,0.6.0,34a87b6a92c049129c3f03a687c8bad9,2026-09-30T12:47:52.852982+00:00
C9382-26-0553,Medical Engineer,unclassified,,,34526.0,41830.0,year,"£34,526 to £41,830 a year",Blackpool Teaching Hospitals NHS Foundation Trust,acute,North West,Permanent,full_time,open,2026-09-23,2026-09-09,14,,weekly,v1,0.6.0,de0b49ed9a0e4adcb9a8ac3741035c60,2026-09-23T11:48:36.401058+00:00
C9028-26-0171,Cloud Engineer,foundation,,,50129.0,57365.0,year,"£50,129 to £57,365 a year",Public Health Wales,other,,Permanent,full_time,open,2026-10-04,2026-09-10,24,,weekly,v1,0.6.0,34a87b6a92c049129c3f03a687c8bad9,2026-09-30T12:47:52.852982+00:00
C9193-26-0602,Device Engineer,unclassified,,,39959.0,48117.0,year,"£39,959 to £48,117 a year",Royal Berkshire NHS Foundation Trust,acute,South East,Permanent,full_time,open,2026-09-24,2026-09-11,13,,weekly,v1,0.6.0,73f813e5223942edb13ebd39138c99d9,2026-09-16T13:40:32.101581+00:00
E0306-26-0036,Data Assistant,unclassified,,,16.4,16.4,hour,£16.40 an hour,Kernow Health CIC,other,South West,Fixed-Term,flexible,open,2026-09-21,2026-09-07,14,,weekly,v1,0.6.0,73f813e5223942edb13ebd39138c99d9,2026-09-16T13:40:32.101581+00:00
C9364-26-0878,Mechanical engineer,unclassified,,,32073.0,39043.0,year,"£32,073 to £39,043 a year",Essex Partnership University NHS Foundation Trust,acute,East of England,Permanent,full_time,open,2026-09-27,2026-09-11,16,,weekly,v1,0.6.0,de0b49ed9a0e4adcb9a8ac3741035c60,2026-09-23T11:48:36.401058+00:00
C9470-26-0489,Technical Services Engineer,unclassified,,,32073.0,39043.0,year,"£32,073 to £39,043 a year",Isle of Wight NHS Trust,acute,South East,Fixed-Term,full_time,open,2026-09-23,2026-08-28,,,(none),v1,0.6.0,de0b49ed9a0e4adcb9a8ac3741035c60,2026-09-23T11:48:36.401058+00:00
M9980-26-0131,Senior Test Engineer,foundation,,,57528.0,64750.0,year,"£57,528 to £64,750 a year",Health Research Authority,arms_length_body,Midlands,Fixed-Term,flexible,open,2026-09-28,2026-09-14,14,,weekly,v1,0.6.0,de0b49ed9a0e4adcb9a8ac3741035c60,2026-09-23T11:48:36.401058+00:00
C9390-26-2128,Engineering Team Leader,unclassified,,,39959.0,48117.0,year,"£39,959 to £48,117 a year",Mid and South Essex NHS Foundation Trust,acute,East of England,Permanent,full_time,open,2026-09-23,2026-09-09,14,,weekly,v1,0.6.0,de0b49ed9a0e4adcb9a8ac3741035c60,2026-09-23T11:48:36.401058+00:00
M9980-26-0132,Senior Test Engineer,foundation,,,57528.0,64750.0,year,"£57,528 to £64,750 a year",Health Research Authority,arms_length_body,London,Fixed-Term,flexible,open,2026-09-28,2026-09-14,14,,weekly,v1,0.6.0,de0b49ed9a0e4adcb9a8ac3741035c60,2026-09-23T11:48:36.401058+00:00
C8192-26-0469,Technical Services Engineer,unclassified,,,32073.0,39043.0,year,"£32,073 to £39,043 a year",Portsmouth Hospitals University NHS Trust,acute,South East,Fixed-Term,full_time,open,2026-09-23,2026-08-28,,,(none),v1,0.6.0,de0b49ed9a0e4adcb9a8ac3741035c60,2026-09-23T11:48:36.401058+00:00
C9290-26-1044,Radiotherapy Electronics Engineer,unclassified,,,58133.0,65261.0,year,"£58,133 to £65,261 a year",Imperial College Healthcare NHS Trust,acute,London,Permanent,full_time,open,2026-09-27,2026-09-16,11,,weekly,v1,0.6.0,de0b49ed9a0e4adcb9a8ac3741035c60,2026-09-23T11:48:36.401058+00:00
M0042-85712,Medical Engineering Technician,unclassified,,,18.43,18.43,hour,£18.43 an hour,NHS Professionals Limited,other,East of England,Bank,flexible,open,2026-11-02,2025-11-06,,,(none),v1,0.6.0,34a87b6a92c049129c3f03a687c8bad9,2026-09-30T12:47:52.852982+00:00
C9411-26-0204,Bio-Medical Engineer,unclassified,,,,,,Depends on experience,Alder Hey Children's NHS Foundation Trust,acute,North West,Permanent,full_time,open,2026-09-21,2026-09-07,14,,weekly,v1,0.6.0,73f813e5223942edb13ebd39138c99d9,2026-09-16T13:40:32.101581+00:00
C9213-26-0767,Rehabilitation Engineering Technician,unclassified,,,34186.0,37389.0,year,"£34,186 to £37,389 a year",King's College Hospital NHS Foundation Trust,acute,London,Permanent,full_time,open,2026-09-22,2026-09-10,12,,weekly,v1,0.6.0,73f813e5223942edb13ebd39138c99d9,2026-09-16T13:40:32.101581+00:00
M9980-26-0129,Senior Test Engineer,foundation,,,57528.0,64750.0,year,"£57,528 to £64,750 a year",Health Research Authority,arms_length_body,North East and Yorkshire,Fixed-Term,flexible,open,2026-09-28,2026-09-14,14,,weekly,v1,0.6.0,de0b49ed9a0e4adcb9a8ac3741035c60,2026-09-23T11:48:36.401058+00:00
H9100-26-1044,Senior Commissioning Business Intelligence and Value Finance Partner,lifeblood,,,80698.0,92984.0,year,"£80,698 to £92,984 a year",Hywel Dda University Health Board,other,,Permanent,full_time,open,2026-09-20,2026-08-27,,,(none),v1,0.6.0,73f813e5223942edb13ebd39138c99d9,2026-09-16T13:40:32.101581+00:00
C9241-26-0309,Digital Trainer,future,,,32073.0,39043.0,year,"£32,073 to £39,043 a year",Bolton NHS Foundation Trust,acute,North West,Permanent,full_time,open,2026-09-21,2026-09-04,17,,weekly,v1,0.6.0,73f813e5223942edb13ebd39138c99d9,2026-09-16T13:40:32.101581+00:00
D9708-MSE565,Senior Population Health Intelligence Analyst - Band 8a,lifeblood,,Band 8a,57528.0,64750.0,year,"£57,528 to £64,750 a year",NHS Essex Integrated Care Board,icb,East of England,Permanent,full_time,open,2026-09-24,2026-09-11,13,,weekly,v1,0.6.0,de0b49ed9a0e4adcb9a8ac3741035c60,2026-09-23T11:48:36.401058+00:00
D9471-26-0003,Principal Analyst – Pop Health Management & Neighbourhood Intelligence,lifeblood,,,57528.0,64750.0,year,"£57,528 to £64,750 a year",NHS Cornwall and Isles of Scilly Integrated Care Board,icb,South West,Fixed-Term,full_time,open,2026-09-24,2026-09-10,14,,weekly,v1,0.6.0,de0b49ed9a0e4adcb9a8ac3741035c60,2026-09-23T11:48:36.401058+00:00
M0038-26-0741,Business Manager,unclassified,,,,,,Depends on experience,Primary Care Careers,other,East of England,Permanent,full_time,open,2026-09-27,2026-09-07,20,,weekly,v1,0.6.0,de0b49ed9a0e4adcb9a8ac3741035c60,2026-09-23T11:48:36.401058+00:00
C9290-26-0992,Business Manager,unclassified,,,66274.0,73496.0,year,"£66,274 to £73,496 a year",Imperial College Healthcare NHS Trust,acute,London,Permanent,full_time,open,2026-09-16,2026-09-04,12,,weekly,v1,0.6.0,73f813e5223942edb13ebd39138c99d9,2026-09-16T13:40:32.101581+00:00
K9919-26-0279,Business Change Manager,compass,,,33422.0,45353.0,year,"£33,422 to £45,353 a year",UK Health Security Agency,arms_length_body,London,Permanent,flexible,open,2026-09-25,2026-09-11,14,,weekly,v1,0.6.0,de0b49ed9a0e4adcb9a8ac3741035c60,2026-09-23T11:48:36.401058+00:00
E0123-26-0170,Business Development Partner,unclassified,,,,,,Depends on experience,CHEC,other,Midlands,Permanent,full_time,open,2026-09-18,2026-09-01,,,(none),v1,0.6.0,73f813e5223942edb13ebd39138c99d9,2026-09-16T13:40:32.101581+00:00
M9043-26-0222,Procurement Business Officer,unclassified,,,28819.0,31626.0,year,"£28,819 to £31,626 a year",NHS Wales Shared Services Partnership,other,,Permanent,full_time,open,2026-09-16,2026-09-03,13,,weekly,v1,0.6.0,73f813e5223942edb13ebd39138c99d9,2026-09-16T13:40:32.101581+00:00
M9043-26-0223,Procurement Business Manager,unclassified,,,40559.0,48841.0,year,"£40,559 to £48,841 a year",NHS Wales Shared Services Partnership,other,,Permanent,full_time,open,2026-09-20,2026-09-04,16,,weekly,v1,0.6.0,73f813e5223942edb13ebd39138c99d9,2026-09-16T13:40:32.101581+00:00
C8192-26-0484,Business Change Facilitator,compass,,,32073.0,39043.0,year,"£32,073 to £39,043 a year",Portsmouth Hospitals University NHS Trust,acute,South East,Fixed-Term,full_time,open,2026-09-27,2026-09-08,19,,weekly,v1,0.6.0,de0b49ed9a0e4adcb9a8ac3741035c60,2026-09-23T11:48:36.401058+00:00
B0460-26-0027,Business Development Executive,unclassified,,,32312.0,32312.0,year,"£32,312 a year",St Michael's Hospice (North Hampshire),other,South East,Permanent,flexible,open,2026-09-25,2026-09-08,17,,weekly,v1,0.6.0,de0b49ed9a0e4adcb9a8ac3741035c60,2026-09-23T11:48:36.401058+00:00
D9644-26-0051,Business Relationship Manager,unclassified,,,57528.0,64570.0,year,"£57,528 to £64,570 a year",NHS Central East ICB,icb,East of England,Permanent,full_time,open,2026-09-29,2026-09-15,14,,weekly,v1,0.6.0,de0b49ed9a0e4adcb9a8ac3741035c60,2026-09-23T11:48:36.401058+00:00
A0536-26-0002,Business Support Officer,unclassified,,,,,,Depends on experience,Penkridge Medical Practice,primary_care,North West,Permanent,part_time,open,2026-09-24,2026-09-01,,,(none),v1,0.6.0,de0b49ed9a0e4adcb9a8ac3741035c60,2026-09-23T11:48:36.401058+00:00
E0132-26-2044,Business Development Director,unclassified,,,,,,Depends on experience,Elysium Healthcare,other,London,Permanent,full_time,open,2026-10-09,2026-09-09,30,,weekly,v1,0.6.0,73f813e5223942edb13ebd39138c99d9,2026-09-16T13:40:32.101581+00:00
C9301-26-1331,Business Support Officer,unclassified,,,28392.0,31157.0,year,"£28,392 to £31,157 a year",Midlands Partnership NHS Foundation Trust,acute,North West,Permanent,part_time,open,2026-09-29,2026-09-14,15,,weekly,v1,0.6.0,de0b49ed9a0e4adcb9a8ac3741035c60,2026-09-23T11:48:36.401058+00:00
I9236-26-0051,Business Support Officer,unclassified,,,28392.0,31157.0,year,"£28,392 to £31,157 a year",NHS Greater Manchester Integrated Care,other,North West,Fixed-Term,flexible,open,2026-09-23,2026-09-10,13,,weekly,v1,0.6.0,de0b49ed9a0e4adcb9a8ac3741035c60,2026-09-23T11:48:36.401058+00:00
C9348-26-1993,Business Support Administrator,unclassified,,,25760.0,27476.0,year,"£25,760 to £27,476 a year",Hampshire and Isle of Wight Healthcare NHS Foundation Trust,acute,South East,Permanent,part_time,open,2026-09-29,2026-09-15,14,,weekly,v1,0.6.0,de0b49ed9a0e4adcb9a8ac3741035c60,2026-09-23T11:48:36.401058+00:00
E0233-26-1854,Business Support Administrator,unclassified,,,29110.0,29110.0,year,"£29,110 to £29,110 a year",Cygnet Health Care,other,,Permanent,full_time,open,2026-10-03,2026-09-03,30,,weekly,v1,0.6.0,34a87b6a92c049129c3f03a687c8bad9,2026-09-30T12:47:52.852982+00:00
B0263-26-0398,Business Development Officer,unclassified,,,,,,Depends on experience,The Hospital of St John and St Elizabeth,other,London,Permanent,full_time,open,2026-09-21,2026-09-08,13,,weekly,v1,0.6.0,73f813e5223942edb13ebd39138c99d9,2026-09-16T13:40:32.101581+00:00
A2068-26-0002,Business/Practice Manager,unclassified,,,,,,Depends on experience,Primrose Bank Medical Centre,primary_care,North West,Permanent,full_time,open,2026-09-25,2026-09-08,17,,weekly,v1,0.6.0,de0b49ed9a0e4adcb9a8ac3741035c60,2026-09-23T11:48:36.401058+00:00
B0132-26-0027,Business Process Partner,unclassified,,,49500.0,54900.0,year,"£49,500 to £54,900 a year",Royal Trinity Hospice,other,London,Permanent,full_time,open,2026-09-27,2026-09-09,18,,weekly,v1,0.6.0,de0b49ed9a0e4adcb9a8ac3741035c60,2026-09-23T11:48:36.401058+00:00
C9267-26-1083,HR Business Partner,unclassified,,,57528.0,64750.0,year,"£57,528 to £64,750 a year",Oxford Health NHS Trust,acute,South East,Fixed-Term,full_time,open,2026-09-27,2026-09-14,13,,weekly,v1,0.6.0,73f813e5223942edb13ebd39138c99d9,2026-09-16T13:40:32.101581+00:00
E0132-26-2079,Business Project Manager,unclassified,,,,,,Depends on experience,Elysium Healthcare,other,London,Permanent,full_time,open,2026-10-15,2026-09-15,30,,weekly,v1,0.6.0,73f813e5223942edb13ebd39138c99d9,2026-09-16T13:40:32.101581+00:00
C9298-26-0859,Business Administration Apprentice,unclassified,,,25272.0,25272.0,year,"£25,272 a year",Leeds Teaching Hospitals,acute,North East and Yorkshire,Fixed-Term,full_time,open,2026-09-23,2026-08-28,26,,weekly,v1,0.6.0,73f813e5223942edb13ebd39138c99d9,2026-09-16T13:40:32.101581+00:00
C9184-26-1246,IT Support Technician,foundation,,,28392.0,31157.0,year,"£28,392 to £31,157 a year",Somerset NHS Foundation Trust,acute,South West,Permanent,full_time,open,2026-09-20,2026-08-21,,,(none),v1,0.6.0,73f813e5223942edb13ebd39138c99d9,2026-09-16T13:40:32.101581+00:00
A1684-26-0007,Rota & IT Support Administrator,foundation,,,,,,Depends on experience,Drs Reddy & Nunn,other,North East and Yorkshire,Permanent,full_time,open,2026-09-24,2026-09-04,20,,weekly,v1,0.6.0,de0b49ed9a0e4adcb9a8ac3741035c60,2026-09-23T11:48:36.401058+00:00
C9359-26-0231,IT Support System Analyst,foundation,,,25760.0,27476.0,year,"£25,760 to £27,476 a year",Maidstone and Tunbridge Wells NHS Trust,acute,South East,Permanent,full_time,open,2026-09-27,2026-09-15,12,,weekly,v1,0.6.0,73f813e5223942edb13ebd39138c99d9,2026-09-16T13:40:32.101581+00:00
A1797-26-0178,"IT Support Analyst, Office Based",foundation,,,28000.0,28000.0,year,"£28,000 a year",Omnes Healthcare Limited,other,North West,Permanent,full_time,open,2026-10-08,2026-09-08,30,,weekly,v1,0.6.0,34a87b6a92c049129c3f03a687c8bad9,2026-09-30T12:47:52.852982+00:00
C9216-26-1417,Pathology IT Practitioner,unclassified,,,28392.0,31157.0,year,"£28,392 to £31,157 a year",University Hospitals Plymouth NHS Trust,acute,South West,Permanent,full_time,open,2026-09-16,2026-09-02,,,(none),v1,0.6.0,73f813e5223942edb13ebd39138c99d9,2026-09-16T13:40:32.101581+00:00
A2505-26-0011,Rota and IT Coordinator,unclassified,,,29500.0,33150.0,year,"£29,500 to £33,150 a year",The Grove Medical Centre,primary_care,London,Permanent,flexible,open,2026-09-30,2026-09-10,20,,weekly,v1,0.6.0,34a87b6a92c049129c3f03a687c8bad9,2026-09-30T12:47:52.852982+00:00
C9276-26-0168,IT Service Desk Engineer,foundation,,,28392.0,31157.0,year,"£28,392 to £31,157 a year",Queen Victoria Hospital NHS Foundation Trust,acute,,Permanent,full_time,open,2026-09-24,2026-09-10,14,,weekly,v1,0.6.0,73f813e5223942edb13ebd39138c99d9,2026-09-16T13:40:32.101581+00:00
C9190-26-0555,IT Service Desk Technician,foundation,,,28392.0,31157.0,year,"£28,392 to £31,157 a year",Sheffield Teaching Hospitals NHS Foundation Trust,acute,North East and Yorkshire,Permanent,full_time,open,2026-09-27,2026-09-14,13,,weekly,v1,0.6.0,73f813e5223942edb13ebd39138c99d9,2026-09-16T13:40:32.101581+00:00
K9919-26-0261,IT Service Asset & Configuration Lead,foundation,,,56185.0,70566.0,year,"£56,185 to £70,566 a year",UK Health Security Agency,arms_length_body,London,Permanent,flexible,open,2026-09-21,2026-09-01,,,(none),v1,0.6.0,73f813e5223942edb13ebd39138c99d9,2026-09-16T13:40:32.101581+00:00
A0164-26-0002,IT & Operational Coordinator (Full time),unclassified,,,,,,Depends on experience,The Cedar Brook Practice,other,London,Permanent,full_time,open,2026-11-30,2026-09-01,,,(none),v1,0.6.0,34a87b6a92c049129c3f03a687c8bad9,2026-09-30T12:47:52.852982+00:00
C9197-26-0645,Epic Credentialed Trainer (Junior IT Trainer),future,,,32073.0,39043.0,year,"£32,073 to £39,043 a year",Lewisham and Greenwich NHS Trust,acute,London,Fixed-Term,full_time,open,2026-09-20,2026-09-10,10,,weekly,v1,0.6.0,73f813e5223942edb13ebd39138c99d9,2026-09-16T13:40:32.101581+00:00
A3826-26-0025,IT/Data Lead - NHS GP Surgery,lifeblood,,,,,,Depends on experience,Hampton Medical Centre,primary_care,Midlands,Fixed-Term,flexible,open,2026-09-30,2026-09-11,19,,weekly,v1,0.6.0,73f813e5223942edb13ebd39138c99d9,2026-09-16T13:40:32.101581+00:00
L0014-26-1502,Support Worker,unclassified,,,13.2,13.2,hour,£13.20 an hour,Agincare,other,South West,Permanent,full_time,open,2026-09-20,2026-08-21,,,(none),v1,0.6.0,73f813e5223942edb13ebd39138c99d9,2026-09-16T13:40:32.101581+00:00
E0233-26-1795,Support Worker,unclassified,,,13.15,13.15,hour,£13.15 an hour,Cygnet Health Care,other,North West,Permanent,full_time,open,2026-09-25,2026-08-26,,,(none),v1,0.6.0,de0b49ed9a0e4adcb9a8ac3741035c60,2026-09-23T11:48:36.401058+00:00
E0233-26-1834,support worker,unclassified,,,23670.0,23670.0,year,"£23,670 to £23,670 a year",Cygnet Health Care,other,North East and Yorkshire,Permanent,full_time,open,2026-09-27,2026-08-28,,,(none),v1,0.6.0,de0b49ed9a0e4adcb9a8ac3741035c60,2026-09-23T11:48:36.401058+00:00
E0233-26-1790,Support Worker,unclassified,,,13.15,13.15,hour,£13.15 an hour,Cygnet Health Care,other,North East and Yorkshire,Permanent,full_time,open,2026-09-24,2026-08-26,,,(none),v1,0.6.0,de0b49ed9a0e4adcb9a8ac3741035c60,2026-09-23T11:48:36.401058+00:00
E0233-26-1871,Support Worker,unclassified,,,13.45,13.45,hour,£13.45 an hour,Cygnet Health Care,other,North West,Permanent,full_time,open,2026-10-04,2026-09-04,30,,weekly,v1,0.6.0,34a87b6a92c049129c3f03a687c8bad9,2026-09-30T12:47:52.852982+00:00
L0014-26-1624,Support Worker,unclassified,,,12.9,12.9,hour,£12.90 an hour,Agincare,other,Midlands,Permanent,full_time,open,2026-10-06,2026-09-07,29,,weekly,v1,0.6.0,34a87b6a92c049129c3f03a687c8bad9,2026-09-30T12:47:52.852982+00:00
E0132-26-2008,Support Worker,unclassified,,,23860.2,23860.2,year,"£23,860.20 a year",Elysium Healthcare,other,South East,Permanent,full_time,open,2026-10-31,2026-09-04,57,,weekly,v1,0.6.0,de0b49ed9a0e4adcb9a8ac3741035c60,2026-09-23T11:48:36.401058+00:00
E0132-26-2020,Support Worker,unclassified,,,23860.2,23860.2,year,"£23,860.20 a year",Elysium Healthcare,other,South East,Permanent,full_time,open,2026-10-07,2026-09-08,29,,weekly,v1,0.6.0,34a87b6a92c049129c3f03a687c8bad9,2026-09-30T12:47:52.852982+00:00
E0233-26-1933,Support Worker,unclassified,,,24498.0,24498.0,year,"£24,498 to £24,498 a year",Cygnet Health Care,other,,Permanent,full_time,open,2026-10-15,2026-09-15,30,,weekly,v1,0.6.0,34a87b6a92c049129c3f03a687c8bad9,2026-09-30T12:47:52.852982+00:00
C9236-26-1026,Support Manager,unclassified,,,,,,Depends on experience,Northern Care Alliance NHS Foundation Trust,acute,North West,Permanent,full_time,open,2026-09-28,2026-09-15,13,,weekly,v1,0.6.0,73f813e5223942edb13ebd39138c99d9,2026-09-16T13:40:32.101581+00:00
C9345-26-0345,Admin Support,unclassified,,,25272.0,25272.0,year,"£25,272 a year",North Tees & Hartlepool NHS Foundation Trust,acute,North East and Yorkshire,Fixed-Term,part_time,open,2026-09-20,2026-09-11,9,,weekly,v1,0.6.0,73f813e5223942edb13ebd39138c99d9,2026-09-16T13:40:32.101581+00:00
C9225-26-0678,Support Secretary,unclassified,,,25760.0,27476.0,year,"£25,760 to £27,476 a year",The Royal Wolverhampton NHS Trust,acute,Midlands,Permanent,part_time,open,2026-10-02,2026-09-15,10,,weekly,v1,0.6.0,34a87b6a92c049129c3f03a687c8bad9,2026-09-30T12:47:52.852982+00:00
C9365-26-0692,Chef Support,unclassified,,,25272.0,25272.0,year,"£25,272 a year",Worcestershire Acute Hospitals NHS Trust,acute,Midlands,Permanent,flexible,open,2026-09-30,2026-09-16,14,,weekly,v1,0.6.0,34a87b6a92c049129c3f03a687c8bad9,2026-09-30T12:47:52.852982+00:00
E0358-PIN4295,Support Worker,unclassified,,,13.45,13.45,hour,£13.45 an hour,Priory Healthcare,other,Midlands,Permanent,full_time,open,2026-09-30,2026-07-07,,,(none),v1,0.6.0,34a87b6a92c049129c3f03a687c8bad9,2026-09-30T12:47:52.852982+00:00
K9919-26-0272,Senior Specialist Engineer - Networks,unclassified,,,56185.0,70566.0,year,"£56,185 to £70,566 a year",UK Health Security Agency,arms_length_body,London,Permanent,flexible,open,2026-10-07,2026-09-09,28,,weekly,v1,0.6.0,34a87b6a92c049129c3f03a687c8bad9,2026-09-30T12:47:52.852982+00:00
A2966-26-0012,Network Pharmacist,bedside,,,,,,Depends on experience,Bolton Community Practice C.I.C,other,North West,Permanent,flexible,open,2026-09-20,2026-09-08,12,,weekly,v1,0.6.0,73f813e5223942edb13ebd39138c99d9,2026-09-16T13:40:32.101581+00:00
C9188-26-0777,Network Educator,unclassified,,,39959.0,48117.0,year,"£39,959 to £48,117 a year",University Hospital Southampton NHS Trust,acute,South East,Fixed-Term,part_time,open,2026-09-17,2026-09-03,14,,weekly,v1,0.6.0,73f813e5223942edb13ebd39138c99d9,2026-09-16T13:40:32.101581+00:00
A0740-26-0003,Network Pharmacy Technician,unclassified,,,,,,Depends on experience,The Canford Heath Group Practice,primary_care,,Permanent,part_time,open,2026-09-26,2026-08-26,,,(none),v1,0.6.0,de0b49ed9a0e4adcb9a8ac3741035c60,2026-09-23T11:48:36.401058+00:00
C9242-26-0186,Developer,foundation,,,32073.0,39043.0,year,"£32,073 to £39,043 a year",North West Ambulance Service NHS Trust,ambulance,North West,Permanent,full_time,open,2026-09-30,2026-09-16,14,,weekly,v1,0.6.0,34a87b6a92c049129c3f03a687c8bad9,2026-09-30T12:47:52.852982+00:00
G9907-26-0094,Senior Developer,foundation,,,49387.0,56515.0,year,"£49,387 to £56,515 a year",NICE - The National Institute for Health and Care Excellence,arms_length_body,North West,Fixed-Term,flexible,open,2026-09-16,2026-09-03,13,,weekly,v1,0.6.0,73f813e5223942edb13ebd39138c99d9,2026-09-16T13:40:32.101581+00:00
B0168-26-0140,Development Director,unclassified,,,,,,Depends on experience,HUC,other,East of England,Permanent,full_time,open,2026-09-23,2026-09-11,12,,weekly,v1,0.6.0,de0b49ed9a0e4adcb9a8ac3741035c60,2026-09-23T11:48:36.401058+00:00
C9325-26-0679,Organisational Development Consultant,unclassified,,,66653.0,77094.0,year,"£66,653 to £77,094 a year",Surrey and Borders Partnership NHS Foundation Trust,acute,London,Permanent,full_time,open,2026-09-28,2026-09-15,13,,weekly,v1,0.6.0,de0b49ed9a0e4adcb9a8ac3741035c60,2026-09-23T11:48:36.401058+00:00
C9150-26-0549,Development & Partnerships Administrator,unclassified,,,25760.0,27476.0,year,"£25,760 to £27,476 a year",Sussex Community NHS Foundation Trust,community,South East,Permanent,part_time,open,2026-09-24,2026-09-14,10,,weekly,v1,0.6.0,de0b49ed9a0e4adcb9a8ac3741035c60,2026-09-23T11:48:36.401058+00:00
C9346-26-1104,Practice Development Practitioner,unclassified,,,49387.0,56515.0,year,"£49,387 to £56,515 a year",Tees Esk and Wear Valleys NHS Foundation Trust,acute,North East and Yorkshire,Permanent,full_time,open,2026-09-30,2026-09-14,16,,weekly,v1,0.6.0,34a87b6a92c049129c3f03a687c8bad9,2026-09-30T12:47:52.852982+00:00
C9290-26-1002,Professional Development Midwife,unclassified,,,58133.0,65261.0,year,"£58,133 to £65,261 a year",Imperial College Healthcare NHS Trust,acute,London,Permanent,full_time,open,2026-09-18,2026-09-04,14,,weekly,v1,0.6.0,73f813e5223942edb13ebd39138c99d9,2026-09-16T13:40:32.101581+00:00
B0175-26-0019,Practice Development Nurse,unclassified,,,23837.99,24404.99,year,"£23,837.99 to £24,404.99 a year",St Clare Hospice,other,East of England,Permanent,part_time,open,2026-10-04,2026-09-08,26,,weekly,v1,0.6.0,34a87b6a92c049129c3f03a687c8bad9,2026-09-30T12:47:52.852982+00:00
B0379-549,Learning & Development Officer,unclassified,,,28176.0,31217.0,year,"£28,176 to £31,217 a year",St Giles Hospice,other,Midlands,Permanent,full_time,open,2026-09-18,2026-09-04,14,,weekly,v1,0.6.0,73f813e5223942edb13ebd39138c99d9,2026-09-16T13:40:32.101581+00:00
C9242-26-0177,Learning & Development Manager,unclassified,,,49387.0,56515.0,year,"£49,387 to £56,515 a year",North West Ambulance Service NHS Trust,ambulance,North West,Fixed-Term,full_time,open,2026-09-22,2026-09-09,13,,weekly,v1,0.6.0,73f813e5223942edb13ebd39138c99d9,2026-09-16T13:40:32.101581+00:00
M0048-26-0461,Service Development Manager,unclassified,,,57528.0,64750.0,year,"£57,528 to £64,750 a year",NHS Blood and Transplant,arms_length_body,North East and Yorkshire,Permanent,full_time,open,2026-09-27,2026-09-14,13,,weekly,v1,0.6.0,73f813e5223942edb13ebd39138c99d9,2026-09-16T13:40:32.101581+00:00
B0263-26-0393,Business Development Manager,unclassified,,,,,,Depends on experience,The Hospital of St John and St Elizabeth,other,London,Permanent,full_time,open,2026-09-21,2026-09-08,13,,weekly,v1,0.6.0,73f813e5223942edb13ebd39138c99d9,2026-09-16T13:40:32.101581+00:00
G9907-26-0102,Learning & Development Practitioner,unclassified,,,39959.0,48117.0,year,"£39,959 to £48,117 a year",NICE - The National Institute for Health and Care Excellence,arms_length_body,North West,Permanent,full_time,open,2026-09-20,2026-09-11,9,,weekly,v1,0.6.0,73f813e5223942edb13ebd39138c99d9,2026-09-16T13:40:32.101581+00:00
C9222-26-0787,Community Practice Development Nurse,unclassified,,,55524.0,62652.0,year,"£55,524 to £62,652 a year",West London NHS Trust,acute,London,Fixed-Term,full_time,open,2026-09-23,2026-09-09,14,,weekly,v1,0.6.0,de0b49ed9a0e4adcb9a8ac3741035c60,2026-09-23T11:48:36.401058+00:00
B9811-26-0038,People and Development Administrator,unclassified,,,33262.0,36027.0,year,"£33,262 to £36,027 a year",Your Healthcare CIC,other,London,Permanent,flexible,open,2026-09-18,2026-09-04,14,,weekly,v1,0.6.0,73f813e5223942edb13ebd39138c99d9,2026-09-16T13:40:32.101581+00:00
C9176-26-0489,Senior People Development Trainer,future,,,39959.0,48117.0,year,"£39,959 to £48,117 a year",North West Anglia NHS Foundation Trust,acute,Midlands,Permanent,full_time,open,2026-09-24,2026-09-10,14,,weekly,v1,0.6.0,de0b49ed9a0e4adcb9a8ac3741035c60,2026-09-23T11:48:36.401058+00:00
U0005-26-0072,Head of Business Development,unclassified,,,,,,Depends on experience,SELDOC Healthcare,other,London,Permanent,full_time,open,2026-09-18,2026-09-11,7,,weekly,v1,0.6.0,73f813e5223942edb13ebd39138c99d9,2026-09-16T13:40:32.101581+00:00
C9310-26-0584,Occupational Therapist - Development Post,unclassified,,,32073.0,48117.0,year,"£32,073 to £48,117 a year",Cambridgeshire and Peterborough NHS Foundation Trust,acute,East of England,Permanent,part_time,open,2026-09-28,2026-09-14,14,,weekly,v1,0.6.0,de0b49ed9a0e4adcb9a8ac3741035c60,2026-09-23T11:48:36.401058+00:00
E0445-26-0002RAF2016,Head of Commercial Development,unclassified,,,,,,Depends on experience,Steeper Group,other,North East and Yorkshire,Permanent,full_time,open,2026-09-30,2026-08-21,,,(none),v1,0.6.0,34a87b6a92c049129c3f03a687c8bad9,2026-09-30T12:47:52.852982+00:00
M0048-26-0443,Principal Component Development Scientist,unclassified,,,57528.0,64750.0,year,"£57,528 to £64,750 a year",NHS Blood and Transplant,arms_length_body,East of England,Fixed-Term,full_time,open,2026-09-16,2026-09-02,,,(none),v1,0.6.0,73f813e5223942edb13ebd39138c99d9,2026-09-16T13:40:32.101581+00:00
M0066-26-0002,Business and Development Manager,unclassified,,,66582.0,79504.0,year,"£66,582 to £79,504 a year",IGPC Primary Care Network,primary_care,North West,Fixed-Term,flexible,open,2026-09-30,2026-09-10,20,,weekly,v1,0.6.0,34a87b6a92c049129c3f03a687c8bad9,2026-09-30T12:47:52.852982+00:00
C9166-26-0319,Career Development and Apprenticeship Practitioner,future,,,28392.0,31157.0,year,"£28,392 to £31,157 a year",Chesterfield Royal Hospital NHS Foundation Trust,acute,North East and Yorkshire,Permanent,full_time,open,2026-09-20,2026-09-04,16,,weekly,v1,0.6.0,73f813e5223942edb13ebd39138c99d9,2026-09-16T13:40:32.101581+00:00
C9427-26-0556,Group Integration and Development Manager,unclassified,,,57528.0,64750.0,year,"£57,528 to £64,750 a year",Royal United Hospitals Bath NHS Foundation Trust,acute,South West,Permanent,full_time,open,2026-09-16,2026-09-03,13,,weekly,v1,0.6.0,73f813e5223942edb13ebd39138c99d9,2026-09-16T13:40:32.101581+00:00
C9333-26-1147,Health Promotion Worker Development Post,unclassified,,,28392.0,39043.0,year,"£28,392 to £39,043 a year",Central and North West London NHS Foundation Trust,acute,South East,Permanent,part_time,open,2026-10-05,2026-09-02,33,,weekly,v1,0.6.0,34a87b6a92c049129c3f03a687c8bad9,2026-09-30T12:47:52.852982+00:00
C9214-26-0813,Senior Estate Development Project Manager,unclassified,,,57528.0,64750.0,year,"£57,528 to £64,750 a year",Sherwood Forest Hospitals NHS Foundation Trust,acute,Midlands,Permanent,full_time,open,2026-09-27,2026-09-14,13,,weekly,v1,0.6.0,de0b49ed9a0e4adcb9a8ac3741035c60,2026-09-23T11:48:36.401058+00:00
C9249-26-0542,Group Integration and Development Manager,unclassified,,,57528.0,64750.0,year,"£57,528 to £64,750 a year",Great Western Hospitals NHS Foundation Trust,acute,South West,Permanent,full_time,open,2026-09-16,2026-09-02,14,,weekly,v1,0.6.0,73f813e5223942edb13ebd39138c99d9,2026-09-16T13:40:32.101581+00:00
C9411-26-0188,Deputy Clinical Coding Manager,lifeblood,,,39959.0,48117.0,year,"£39,959 to £48,117 a year",Alder Hey Children's NHS Foundation Trust,acute,North West,Permanent,flexible,open,2026-10-20,2026-08-20,,,(none),v1,0.6.0,34a87b6a92c049129c3f03a687c8bad9,2026-09-30T12:47:52.852982+00:00
C9193-26-0598,Clinical Coding Specialty Lead,lifeblood,,,39959.0,48117.0,year,"£39,959 to £48,117 a year",Royal Berkshire NHS Foundation Trust,acute,South East,Permanent,flexible,open,2026-10-01,2026-09-10,14,,weekly,v1,0.6.0,34a87b6a92c049129c3f03a687c8bad9,2026-09-30T12:47:52.852982+00:00
C9153-26-0762,Head of Clinical Coding Operations,lifeblood,,,66582.0,77368.0,year,"£66,582 to £77,368 a year",University Hospitals Dorset NHS Foundation Trust,acute,,Permanent,flexible,open,2026-09-27,2026-09-09,18,,weekly,v1,0.6.0,de0b49ed9a0e4adcb9a8ac3741035c60,2026-09-23T11:48:36.401058+00:00
C9391-26-1559,Band 5 Qualified Clinical Coding Officer,lifeblood,,Band 5,36943.0,44900.0,year,"£36,943 to £44,900 a year",Royal Free London NHS Foundation Trust,acute,London,Permanent,flexible,open,2026-09-22,2026-09-08,14,,weekly,v1,0.6.0,73f813e5223942edb13ebd39138c99d9,2026-09-16T13:40:32.101581+00:00
C9358-26-0566,Coding Analyst & Clinical Engagement Lead,unclassified,,,39959.0,48117.0,year,"£39,959 to £48,117 a year",University Hospitals of Leicester NHS Trust,acute,Midlands,Permanent,full_time,open,2026-09-20,2026-08-24,,,(none),v1,0.6.0,73f813e5223942edb13ebd39138c99d9,2026-09-16T13:40:32.101581+00:00
A4235-26-0035,Administrator - Clinical Coding and Data Quality Team,lifeblood,,,13.11,13.11,hour,£13.11 an hour,Priory Medical Group,other,North East and Yorkshire,Permanent,flexible,open,2026-09-30,2026-09-07,23,,weekly,v1,0.6.0,de0b49ed9a0e4adcb9a8ac3741035c60,2026-09-23T11:48:36.401058+00:00
A3846-26-0008,CLINICAL CODING ADMINISTRATOR - Maternity Cover - 8 hours per week,lifeblood,,,,,,Depends on experience,The Cornerstone Practice,other,Midlands,Fixed-Term,flexible,open,2026-09-30,2026-09-11,19,,weekly,v1,0.6.0,34a87b6a92c049129c3f03a687c8bad9,2026-09-30T12:47:52.852982+00:00
A2735-26-0007,Healthcare Data & Coding Administrator GP Practice,unclassified,,,13.0,13.0,hour,£13 an hour,Lynwood Medical Centre,primary_care,London,Permanent,flexible,open,2026-10-03,2026-08-31,,,(none),v1,0.6.0,34a87b6a92c049129c3f03a687c8bad9,2026-09-30T12:47:52.852982+00:00
C9389-26-0479,Trainee Clinical Coder/Clinical Coder,lifeblood,,,25760.0,31157.0,year,"£25,760 to £31,157 a year",Bradford Teaching Hospitals NHS Foundation Trust,acute,North East and Yorkshire,Permanent,full_time,open,2026-09-29,2026-09-15,14,,weekly,v1,0.6.0,73f813e5223942edb13ebd39138c99d9,2026-09-16T13:40:32.101581+00:00
C9367-26-0859,Clinical Psychologist / Team Clinical Lead,unclassified,,,59798.0,67020.0,year,"£59,798 to £67,020 a year",Hertfordshire Partnership University NHS Foundation Trust,acute,East of England,Permanent,part_time,open,2026-09-27,2026-09-11,16,,weekly,v1,0.6.0,de0b49ed9a0e4adcb9a8ac3741035c60,2026-09-23T11:48:36.401058+00:00
C9196-26-1099,Senior Clinical Fellow in Clinical Oncology,unclassified,,,55329.0,55329.0,year,"£55,329 a year",Guy's and St Thomas' NHS Foundation Trust,acute,London,Fixed-Term,full_time,open,2026-09-17,2026-09-10,7,,weekly,v1,0.6.0,73f813e5223942edb13ebd39138c99d9,2026-09-16T13:40:32.101581+00:00
C9176-26-0467,Accredited Clinical Coder/Clinical Coder - Huntingdon,lifeblood,,,28392.0,39043.0,year,"£28,392 to £39,043 a year",North West Anglia NHS Foundation Trust,acute,Midlands,Permanent,flexible,open,2026-09-20,2026-09-04,16,,weekly,v1,0.6.0,73f813e5223942edb13ebd39138c99d9,2026-09-16T13:40:32.101581+00:00
C9317-26-0744,Clinical Scientist/Pre-Registrant Clinical Scientist,unclassified,,,49387.0,56515.0,year,"£49,387 to £56,515 a year",The Newcastle upon Tyne Hospitals NHS Foundation Trust,acute,North East and Yorkshire,Permanent,full_time,open,2026-09-27,2026-09-14,13,,weekly,v1,0.6.0,de0b49ed9a0e4adcb9a8ac3741035c60,2026-09-23T11:48:36.401058+00:00
E0511-26-0001,Clinical Pharmacist,bedside,,,,,,Depends on experience,Intelligent Prescribing Solutions Ltd,other,North East and Yorkshire,Permanent,part_time,open,2026-09-24,2026-08-27,,,(none),v1,0.6.0,de0b49ed9a0e4adcb9a8ac3741035c60,2026-09-23T11:48:36.401058+00:00
M0038-26-0756,Clinical Pharmacist,bedside,,,,,,Depends on experience,Primary Care Careers,other,London,Permanent,part_time,open,2026-09-22,2026-09-02,20,,weekly,v1,0.6.0,73f813e5223942edb13ebd39138c99d9,2026-09-16T13:40:32.101581+00:00
C9395-26-0502,Clinical Lead,unclassified,,,57528.0,64750.0,year,"£57,528 to £64,750 a year",NELFT North East London Foundation Trust,acute,East of England,Permanent,full_time,open,2026-09-18,2026-09-04,14,,weekly,v1,0.6.0,73f813e5223942edb13ebd39138c99d9,2026-09-16T13:40:32.101581+00:00
C9373-26-0574,Clinical Psychologists,unclassified,,,57528.0,64750.0,year,"£57,528 to £64,750 a year",Cheshire and Wirral Partnership NHS Foundation Trust,acute,North West,Permanent,flexible,open,2026-10-04,2026-09-03,31,,weekly,v1,0.6.0,34a87b6a92c049129c3f03a687c8bad9,2026-09-30T12:47:52.852982+00:00
M0038-26-0814,Clinical Coder,lifeblood,,,,,,Depends on experience,Primary Care Careers,other,East of England,Permanent,part_time,open,2026-09-17,2026-09-09,8,,weekly,v1,0.6.0,73f813e5223942edb13ebd39138c99d9,2026-09-16T13:40:32.101581+00:00
C9222-26-0737,Clinical Psychologist,unclassified,,,55524.0,62652.0,year,"£55,524 to £62,652 a year",West London NHS Trust,acute,London,Permanent,full_time,open,2026-09-21,2026-09-07,14,,weekly,v1,0.6.0,73f813e5223942edb13ebd39138c99d9,2026-09-16T13:40:32.101581+00:00
C9302-26-0380,Clinical Pharmacist,bedside,,,39959.0,48117.0,year,"£39,959 to £48,117 a year",Wrightington Wigan & Leigh Teaching Hospitals NHS Foundation Trust,acute,North West,Permanent,flexible,open,2026-09-17,2026-09-04,13,,weekly,v1,0.6.0,73f813e5223942edb13ebd39138c99d9,2026-09-16T13:40:32.101581+00:00
B9832-2026-NM-10460,Clinical Lead,unclassified,,,49387.0,56515.0,year,"£49,387 to £56,515 a year",Livewell Southwest,other,South West,Permanent,flexible,open,2026-09-17,2026-09-07,10,,weekly,v1,0.6.0,73f813e5223942edb13ebd39138c99d9,2026-09-16T13:40:32.101581+00:00
E0054-26-0111GVMC,Clinical Pharmacist,bedside,,,,,,Depends on experience,Primary Care Management Solutions Ltd,other,London,Permanent,full_time,open,2026-09-17,2026-09-10,7,,weekly,v1,0.6.0,73f813e5223942edb13ebd39138c99d9,2026-09-16T13:40:32.101581+00:00
C9251-26-0661,Clinical Psychologist,unclassified,,,49387.0,56515.0,year,"£49,387 to £56,515 a year",Hampshire Hospitals NHS Foundation Trust,acute,South East,Permanent,part_time,open,2026-09-20,2026-09-10,10,,weekly,v1,0.6.0,73f813e5223942edb13ebd39138c99d9,2026-09-16T13:40:32.101581+00:00
C9222-26-0779,Clinical Psychologist,unclassified,,,63665.0,70887.0,year,"£63,665 to £70,887 a year",West London NHS Trust,acute,London,Permanent,part_time,open,2026-09-18,2026-09-11,7,,weekly,v1,0.6.0,73f813e5223942edb13ebd39138c99d9,2026-09-16T13:40:32.101581+00:00
A5363-26-0005,Clinical Pharmacist,bedside,,,27.5,29.0,hour,£27.50 to £29 an hour,Bridgwater Bay Primary Care Network,primary_care,South West,Permanent,flexible,open,2026-10-04,2026-09-11,23,,weekly,v1,0.6.0,34a87b6a92c049129c3f03a687c8bad9,2026-09-30T12:47:52.852982+00:00
W0033-26-1068,Clinical Lead,unclassified,,,26.0,26.0,hour,£26 an hour,Akari Care Limited,other,South East,Permanent,full_time,open,2026-10-06,2026-08-07,,,(none),v1,0.6.0,de0b49ed9a0e4adcb9a8ac3741035c60,2026-09-23T11:48:36.401058+00:00
C9350-26-0801,Clinical Psychologist,unclassified,,,57528.0,64750.0,year,"£57,528 to £64,750 a year",Mersey Care NHS Foundation Trust,acute,North West,Fixed-Term,full_time,open,2026-09-20,2026-08-26,25,,weekly,v1,0.6.0,73f813e5223942edb13ebd39138c99d9,2026-09-16T13:40:32.101581+00:00
L0121-26-0917,Clinical Lead,unclassified,,,,,,Depends on experience,Aria Care,other,South East,Permanent,full_time,open,2026-10-23,2026-08-24,60,,weekly,v1,0.6.0,de0b49ed9a0e4adcb9a8ac3741035c60,2026-09-23T11:48:36.401058+00:00
C9179-26-0596,Health Records Administrator,lifeblood,,,25760.0,27476.0,year,"£25,760 to £27,476 a year",West Suffolk NHS Foundation Trust,acute,East of England,Permanent,part_time,open,2026-09-24,2026-09-10,14,,weekly,v1,0.6.0,de0b49ed9a0e4adcb9a8ac3741035c60,2026-09-23T11:48:36.401058+00:00
H9050-26-2088,Health Records Clerk,lifeblood,,,26300.0,26300.0,year,"£26,300 a year",Betsi Cadwaladr University Health Board,other,,Fixed-Term,full_time,open,2026-09-17,2026-09-10,7,,weekly,v1,0.6.0,73f813e5223942edb13ebd39138c99d9,2026-09-16T13:40:32.101581+00:00
C9153-26-0779,Health Records Scanning Clerk,lifeblood,,,25272.0,25272.0,year,"£25,272 a year",University Hospitals Dorset NHS Foundation Trust,acute,,Fixed-Term,full_time,open,2026-09-24,2026-09-15,9,,weekly,v1,0.6.0,de0b49ed9a0e4adcb9a8ac3741035c60,2026-09-23T11:48:36.401058+00:00
C9362-26-0679,Health Records Trainer/ Supervisor,lifeblood,,,25760.0,27476.0,year,"£25,760 to £27,476 a year",Stockport NHS Foundation Trust,acute,North West,Fixed-Term,full_time,open,2026-09-25,2026-09-15,10,,weekly,v1,0.6.0,de0b49ed9a0e4adcb9a8ac3741035c60,2026-09-23T11:48:36.401058+00:00
C9302-26-0389,Access to Health Records Team Leader,lifeblood,,,28392.0,31157.0,year,"£28,392 to £31,157 a year",Wrightington Wigan & Leigh Teaching Hospitals NHS Foundation Trust,acute,North West,Permanent,flexible,open,2026-09-23,2026-09-09,14,,weekly,v1,0.6.0,de0b49ed9a0e4adcb9a8ac3741035c60,2026-09-23T11:48:36.401058+00:00
C9309-26-0904,Electronic Health Records (EHR) System Analyst / Designer,bedside,lifeblood,,58133.0,65261.0,year,"£58,133 to £65,261 a year",University College London Hospitals NHS Foundation Trust,acute,London,Permanent,full_time,open,2026-09-23,2026-09-10,13,,weekly,v1,0.6.0,de0b49ed9a0e4adcb9a8ac3741035c60,2026-09-23T11:48:36.401058+00:00
C9309-26-0919,Electronic Health Records (EHR) System Analyst / Designer,bedside,lifeblood,,58133.0,65261.0,year,"£58,133 to £65,261 a year",University College London Hospitals NHS Foundation Trust,acute,London,Permanent,full_time,open,2026-09-29,2026-09-16,13,,weekly,v1,0.6.0,de0b49ed9a0e4adcb9a8ac3741035c60,2026-09-23T11:48:36.401058+00:00
C9274-26-0351,Team Coordinator IG & Records,unclassified,,,49387.0,56515.0,year,"£49,387 to £56,515 a year",Lincolnshire Partnership NHS Foundation Trust,acute,Midlands,Permanent,flexible,open,2026-10-04,2026-09-08,26,,weekly,v1,0.6.0,34a87b6a92c049129c3f03a687c8bad9,2026-09-30T12:47:52.852982+00:00
A4235-26-0034,Administrator - Patient Records Team,unclassified,,,12.73,12.73,hour,£12.73 an hour,Priory Medical Group,other,North East and Yorkshire,Permanent,part_time,open,2026-10-11,2026-09-16,25,,weekly,v1,0.6.0,de0b49ed9a0e4adcb9a8ac3741035c60,2026-09-23T11:48:36.401058+00:00
C9360-26-0408,Band 8c - Shared Patient Record Technical Program Manager,unclassified,,Band 8c,81774.0,93879.0,year,"£81,774 to £93,879 a year",West Hertfordshire Teaching Hospitals NHS Trust,acute,London,Permanent,full_time,open,2026-09-28,2026-09-14,14,,weekly,v1,0.6.0,de0b49ed9a0e4adcb9a8ac3741035c60,2026-09-23T11:48:36.401058+00:00
C9360-26-0410,Band 7 - Shared Patient Record Utilisation and Adoption Change Lead,unclassified,,Band 7,51657.0,58785.0,year,"£51,657 to £58,785 a year",West Hertfordshire Teaching Hospitals NHS Trust,acute,London,Permanent,flexible,open,2026-09-28,2026-09-14,14,,weekly,v1,0.6.0,de0b49ed9a0e4adcb9a8ac3741035c60,2026-09-23T11:48:36.401058+00:00
F0060-26-0024,Child Health Screener- School Health,unclassified,,,32535.0,33987.0,year,"£32,535 to £33,987 a year",London Borough of Newham,other,London,Permanent,flexible,open,2026-09-17,2026-09-08,9,,weekly,v1,0.6.0,73f813e5223942edb13ebd39138c99d9,2026-09-16T13:40:32.101581+00:00
E9810-26-0291,Health Centre Receptionist - Bransholme Health Centre,unclassified,,,25760.0,27476.0,year,"£25,760 to £27,476 a year",City Health Care Partnership CIC,other,North East and Yorkshire,Permanent,part_time,open,2026-09-24,2026-09-16,8,,weekly,v1,0.6.0,de0b49ed9a0e4adcb9a8ac3741035c60,2026-09-23T11:48:36.401058+00:00
M0044-26-0234,Health Care Assistant Llanfairpwll Health Centre,unclassified,,,,,,Depends on experience,GP Practice in Wales,primary_care,,Bank,flexible,open,2027-03-31,2026-07-07,,,(none),v1,0.6.0,34a87b6a92c049129c3f03a687c8bad9,2026-09-30T12:47:52.852982+00:00
B9826-PCNF-6542,Health Visitor,unclassified,,,39959.0,48117.0,year,"£39,959 to £48,117 a year",Nottingham CityCare Partnership CIC,other,Midlands,Permanent,flexible,open,2026-09-27,2026-09-04,23,,weekly,v1,0.6.0,de0b49ed9a0e4adcb9a8ac3741035c60,2026-09-23T11:48:36.401058+00:00
C9371-26-0739,Health Visitor,unclassified,,,39959.0,48117.0,year,"£39,959 to £48,117 a year",Berkshire Healthcare Foundation Trust,acute,South East,Permanent,flexible,open,2026-09-28,2026-09-14,14,,weekly,v1,0.6.0,de0b49ed9a0e4adcb9a8ac3741035c60,2026-09-23T11:48:36.401058+00:00
C9348-26-1899,Health Visitor,unclassified,,,39959.0,48117.0,year,"£39,959 to £48,117 a year",Hampshire and Isle of Wight Healthcare NHS Foundation Trust,acute,South East,Permanent,flexible,open,2026-09-16,2026-09-02,14,,weekly,v1,0.6.0,73f813e5223942edb13ebd39138c99d9,2026-09-16T13:40:32.101581+00:00
C9152-26-0941,Health Visitor,unclassified,,,23975.0,28870.0,year,"£23,975 to £28,870 a year",Dorset HealthCare University NHS Foundation Trust,acute,,Permanent,part_time,open,2026-09-20,2026-09-04,16,,weekly,v1,0.6.0,73f813e5223942edb13ebd39138c99d9,2026-09-16T13:40:32.101581+00:00
K0002-26-0027,Health Visitor,unclassified,,,31967.0,38493.0,year,"£31,967 to £38,493 a year",Somerset County Council,other,South West,Permanent,part_time,open,2026-09-20,2026-09-09,11,,weekly,v1,0.6.0,73f813e5223942edb13ebd39138c99d9,2026-09-16T13:40:32.101581+00:00
C9348-26-1908,Health Visitor,unclassified,,,39959.0,48117.0,year,"£39,959 to £48,117 a year",Hampshire and Isle of Wight Healthcare NHS Foundation Trust,acute,South East,Permanent,full_time,open,2026-09-16,2026-09-02,14,,weekly,v1,0.6.0,73f813e5223942edb13ebd39138c99d9,2026-09-16T13:40:32.101581+00:00
A0408-26-0013,Health Navigator,unclassified,,,13.24,13.24,hour,£13.24 an hour,Montpelier Health Centre,primary_care,South West,Permanent,full_time,open,2026-10-15,2026-09-15,30,,weekly,v1,0.6.0,34a87b6a92c049129c3f03a687c8bad9,2026-09-30T12:47:52.852982+00:00
C9196-26-1108,Health Advisor,unclassified,,,58133.0,65261.0,year,"£58,133 to £65,261 a year",Guy's and St Thomas' NHS Foundation Trust,acute,London,Fixed-Term,part_time,open,2026-09-20,2026-09-11,9,,weekly,v1,0.6.0,73f813e5223942edb13ebd39138c99d9,2026-09-16T13:40:32.101581+00:00
C9842-26-0544,Health Visitor,unclassified,,,,,,Depends on experience,Derbyshire Community Health Services NHSFT,community,North West,Permanent,part_time,open,2026-09-23,2026-09-09,14,,weekly,v1,0.6.0,de0b49ed9a0e4adcb9a8ac3741035c60,2026-09-23T11:48:36.401058+00:00
C9348-26-1900,Health Visitor,unclassified,,,39959.0,48117.0,year,"£39,959 to £48,117 a year",Hampshire and Isle of Wight Healthcare NHS Foundation Trust,acute,South East,Permanent,flexible,open,2026-09-16,2026-09-02,14,,weekly,v1,0.6.0,73f813e5223942edb13ebd39138c99d9,2026-09-16T13:40:32.101581+00:00
C9186-26-0657,Mental Health Practitioner/Community Mental Health Nurse,unclassified,,,39959.0,48117.0,year,"£39,959 to £48,117 a year",Nottinghamshire Healthcare NHS Foundation Trust,acute,Midlands,Permanent,full_time,open,2026-09-29,2026-09-15,14,,weekly,v1,0.6.0,73f813e5223942edb13ebd39138c99d9,2026-09-16T13:40:32.101581+00:00
C9373-26-0578,Mental Health Practitioner - Urgent Mental Health - HTT,unclassified,,,39959.0,48117.0,year,"£39,959 to £48,117 a year",Cheshire and Wirral Partnership NHS Foundation Trust,acute,North West,Fixed-Term,full_time,open,2026-09-21,2026-09-07,14,,weekly,v1,0.6.0,73f813e5223942edb13ebd39138c99d9,2026-09-16T13:40:32.101581+00:00
A2700-26-0037,PAC Relational Care Coordinator,unclassified,,,,,,Depends on experience,Sutton Primary Care Networks,primary_care,London,Permanent,full_time,open,2026-09-30,2026-08-13,,,(none),v1,0.6.0,34a87b6a92c049129c3f03a687c8bad9,2026-09-30T12:47:52.852982+00:00
C9251-26-0654,Band 6 Radiographer Mammography,unclassified,,Band 6,39959.0,48117.0,year,"£39,959 to £48,117 a year",Hampshire Hospitals NHS Foundation Trust,acute,South East,Permanent,full_time,open,2026-09-20,2026-09-03,17,,weekly,v1,0.6.0,73f813e5223942edb13ebd39138c99d9,2026-09-16T13:40:32.101581+00:00
C9432-26-0691,Senior Clinical Application Analyst,bedside,,,39959.0,48117.0,year,"£39,959 to £48,117 a year",East Suffolk and North Essex NHS Foundation Trust,acute,East of England,Fixed-Term,full_time,open,2026-09-21,2026-09-11,10,,weekly,v1,0.6.0,73f813e5223942edb13ebd39138c99d9,2026-09-16T13:40:32.101581+00:00
E0066-SonogStepHill,Sonographer,unclassified,,,40.0,40.0,hour,£40 an hour,Diagnostic Healthcare Ltd,other,North West,Bank,flexible,open,2026-10-10,2026-07-10,,,(none),v1,0.6.0,34a87b6a92c049129c3f03a687c8bad9,2026-09-30T12:47:52.852982+00:00
E0066-PermNotts,Sonographer,unclassified,,,49000.0,60000.0,year,"£49,000 to £60,000 a year",Diagnostic Healthcare Ltd,other,North West,Permanent,full_time,open,2026-10-28,2026-07-28,,,(none),v1,0.6.0,34a87b6a92c049129c3f03a687c8bad9,2026-09-30T12:47:52.852982+00:00
C9328-26-0427,Ward Clerk,unclassified,,,25272.0,25272.0,year,"£25,272 a year",South Tees Hospitals NHS Foundation Trust,acute,North East and Yorkshire,Permanent,full_time,open,2026-09-24,2026-09-14,10,,weekly,v1,0.6.0,73f813e5223942edb13ebd39138c99d9,2026-09-16T13:40:32.101581+00:00
C9120-26-0118,Diagnostic Radiographer,unclassified,,,40559.0,48841.0,year,"£40,559 to £48,841 a year",Velindre Cancer Centre,other,,Permanent,part_time,open,2026-09-24,2026-09-11,13,,weekly,v1,0.6.0,de0b49ed9a0e4adcb9a8ac3741035c60,2026-09-23T11:48:36.401058+00:00
C9297-26-0502,Radiology Administration and Clerical Officer,unclassified,,,25272.0,25272.0,year,"£25,272 a year",Gateshead Health NHS Foundation Trust,acute,North East and Yorkshire,Permanent,full_time,open,2026-09-29,2026-09-15,14,,weekly,v1,0.6.0,de0b49ed9a0e4adcb9a8ac3741035c60,2026-09-23T11:48:36.401058+00:00
U0051-26-0049,Echocardiographer,unclassified,,,26.88,32.91,hour,£26.88 to £32.91 an hour,FCMS,other,North West,Bank,part_time,open,2026-09-30,2026-08-04,,,(none),v1,0.6.0,34a87b6a92c049129c3f03a687c8bad9,2026-09-30T12:47:52.852982+00:00
C9176-26-0479,Clinical Radiographer - Huntingdon,unclassified,,,32073.0,39043.0,year,"£32,073 to £39,043 a year",North West Anglia NHS Foundation Trust,acute,Midlands,Permanent,part_time,open,2026-09-23,2026-09-09,14,,weekly,v1,0.6.0,73f813e5223942edb13ebd39138c99d9,2026-09-16T13:40:32.101581+00:00
M0042-26-0205,Band 6 Radiographer,unclassified,,Band 6,23.45,23.45,hour,£23.45 an hour,NHS Professionals Limited,other,London,Bank,flexible,open,2026-09-25,2026-06-25,,,(none),v1,0.6.0,de0b49ed9a0e4adcb9a8ac3741035c60,2026-09-23T11:48:36.401058+00:00
M0042-26-0167,Mammographer,unclassified,,,24.82,24.82,hour,£24.82 an hour,NHS Professionals Limited,other,North West,Fixed-Term,full_time,open,2026-09-22,2026-07-22,,,(none),v1,0.6.0,73f813e5223942edb13ebd39138c99d9,2026-09-16T13:40:32.101581+00:00
E0455-26-0019,Bank Mobile Cross-sectional Radiographer,unclassified,,,,,,Depends on experience,TIC Health,other,London,Bank,flexible,open,2026-09-25,2026-09-03,22,,weekly,v1,0.6.0,de0b49ed9a0e4adcb9a8ac3741035c60,2026-09-23T11:48:36.401058+00:00
E0455-26-0022,Cross-sectional Radiographer - Reading,unclassified,,,,,,Depends on experience,TIC Health,other,South East,Permanent,full_time,open,2026-09-27,2026-09-14,13,,weekly,v1,0.6.0,73f813e5223942edb13ebd39138c99d9,2026-09-16T13:40:32.101581+00:00
E0455-26-0023,Cross-sectional Radiographer - Milton Keynes,unclassified,,,,,,Depends on experience,TIC Health,other,South East,Permanent,full_time,open,2026-09-27,2026-09-14,13,,weekly,v1,0.6.0,73f813e5223942edb13ebd39138c99d9,2026-09-16T13:40:32.101581+00:00
E0280-26-0019,Sonographer,unclassified,,,47856.0,55727.0,year,"£47,856 to £55,727 a year",Sulis Hospital Bath,other,South West,Permanent,flexible,open,2026-10-04,2026-09-11,23,,weekly,v1,0.6.0,de0b49ed9a0e4adcb9a8ac3741035c60,2026-09-23T11:48:36.401058+00:00
C9200-26-0761,Locum Consultant Radiologist with interest in Breast Imaging,unclassified,,,113565.0,150569.0,year,"£113,565 to £150,569 a year",St George's University Hospitals NHS Foundation Trust,acute,London,Fixed-Term,part_time,open,2026-09-22,2026-09-08,14,,weekly,v1,0.6.0,73f813e5223942edb13ebd39138c99d9,2026-09-16T13:40:32.101581+00:00
C9153-26-0773,Head of Imaging Services,unclassified,,,79504.0,91609.0,year,"£79,504 to £91,609 a year",University Hospitals Dorset NHS Foundation Trust,acute,,Permanent,full_time,open,2026-09-27,2026-09-15,12,,weekly,v1,0.6.0,de0b49ed9a0e4adcb9a8ac3741035c60,2026-09-23T11:48:36.401058+00:00
C9284-26-0404,Specialist Paediatric Radiographer - Angio/IR,unclassified,,,39959.0,48117.0,year,"£39,959 to £48,117 a year",Birmingham Women's and Children's NHS Foundation Trust,acute,Midlands,Permanent,full_time,open,2026-09-17,2026-09-07,10,,weekly,v1,0.6.0,73f813e5223942edb13ebd39138c99d9,2026-09-16T13:40:32.101581+00:00
C9423-26-0224,Diagnostic Radiographer Band 5,unclassified,,Band 5,32073.0,39043.0,year,"£32,073 to £39,043 a year",Airedale NHS Foundation Trust,acute,North East and Yorkshire,Permanent,part_time,open,2026-09-16,2026-09-02,14,,weekly,v1,0.6.0,73f813e5223942edb13ebd39138c99d9,2026-09-16T13:40:32.101581+00:00
C9252-26-0151,Gynaecology Unit Manager,unclassified,,,51657.0,58785.0,year,"£51,657 to £58,785 a year",Dartford and Gravesham NHS Trust,acute,London,Permanent,part_time,open,2026-09-26,2026-09-12,14,,weekly,v1,0.6.0,de0b49ed9a0e4adcb9a8ac3741035c60,2026-09-23T11:48:36.401058+00:00
C8192-26-0477,Project Manager (SWASH),unclassified,,,39959.0,48117.0,year,"£39,959 to £48,117 a year",Portsmouth Hospitals University NHS Trust,acute,South East,Permanent,full_time,open,2026-09-20,2026-09-02,18,,weekly,v1,0.6.0,73f813e5223942edb13ebd39138c99d9,2026-09-16T13:40:32.101581+00:00
C9349-26-2647,Interventional Radiographer,unclassified,,,39959.0,48117.0,year,"£39,959 to £48,117 a year",Manchester University NHS Foundation Trust,acute,North West,Permanent,full_time,open,2026-09-17,2026-09-10,7,,weekly,v1,0.6.0,73f813e5223942edb13ebd39138c99d9,2026-09-16T13:40:32.101581+00:00
C9409-26-0884,Consultant Radiologist with S/I in Musculoskeletal (MSK) Imaging,unclassified,,,113565.0,150569.0,year,"£113,565 to £150,569 a year",Mersey and West Lancashire Teaching Hospitals NHS Trust,acute,North West,Permanent,full_time,open,2026-10-05,2026-09-02,33,,weekly,v1,0.6.0,de0b49ed9a0e4adcb9a8ac3741035c60,2026-09-23T11:48:36.401058+00:00
C9409-26-0885,Consultant Radiologist with S/I in Genitourinary (GU) Imaging,unclassified,,,113565.0,150569.0,year,"£113,565 to £150,569 a year",Mersey and West Lancashire Teaching Hospitals NHS Trust,acute,North West,Permanent,full_time,open,2026-10-05,2026-09-02,33,,weekly,v1,0.6.0,de0b49ed9a0e4adcb9a8ac3741035c60,2026-09-23T11:48:36.401058+00:00
C9391-26-1537,Band 8a Clinical Specialist Sonographer,unclassified,,Band 8a,63665.0,70887.0,year,"£63,665 to £70,887 a year",Royal Free London NHS Foundation Trust,acute,London,Permanent,flexible,open,2026-09-17,2026-09-07,10,,weekly,v1,0.6.0,73f813e5223942edb13ebd39138c99d9,2026-09-16T13:40:32.101581+00:00
C9028-26-0170,Senior User Researcher,compass,,,50129.0,57365.0,year,"£50,129 to £57,365 a year",Public Health Wales,other,,Fixed-Term,full_time,open,2026-09-17,2026-09-08,9,,weekly,v1,0.6.0,73f813e5223942edb13ebd39138c99d9,2026-09-16T13:40:32.101581+00:00
M9980-26-0124,Lead User Researcher,compass,,,57528.0,64750.0,year,"£57,528 to £64,750 a year",Health Research Authority,arms_length_body,North West,Fixed-Term,flexible,open,2026-09-27,2026-09-11,16,,weekly,v1,0.6.0,73f813e5223942edb13ebd39138c99d9,2026-09-16T13:40:32.101581+00:00
M9980-26-0125,Lead User Researcher,compass,,,57528.0,64750.0,year,"£57,528 to £64,750 a year",Health Research Authority,arms_length_body,Midlands,Fixed-Term,flexible,open,2026-09-27,2026-09-11,16,,weekly,v1,0.6.0,73f813e5223942edb13ebd39138c99d9,2026-09-16T13:40:32.101581+00:00
M9980-26-0123,Lead User Researcher,compass,,,57528.0,64750.0,year,"£57,528 to £64,750 a year",Health Research Authority,arms_length_body,North East and Yorkshire,Fixed-Term,flexible,open,2026-09-27,2026-09-11,16,,weekly,v1,0.6.0,73f813e5223942edb13ebd39138c99d9,2026-09-16T13:40:32.101581+00:00
C9388-26-0757,End User Device (EUD) Lead,unclassified,,,39959.0,48117.0,year,"£39,959 to £48,117 a year",Torbay and South Devon NHS Foundation Trust,acute,South West,Permanent,full_time,open,2026-09-27,2026-09-14,13,,weekly,v1,0.6.0,de0b49ed9a0e4adcb9a8ac3741035c60,2026-09-23T11:48:36.401058+00:00
C9214-26-0816,End User Device Engineer Apprentice,unclassified,,,15600.0,15600.0,year,"£15,600 a year",Sherwood Forest Hospitals NHS Foundation Trust,acute,Midlands,Apprenticeship,full_time,open,2026-09-23,2026-09-14,13,,weekly,v1,0.6.0,de0b49ed9a0e4adcb9a8ac3741035c60,2026-09-23T11:48:36.401058+00:00
M9301-26-0222,Volunteer and Service User Involvement Coordinator,unclassified,,,39959.0,48117.0,year,"£39,959 to £48,117 a year",Inclusion,other,South East,Fixed-Term,full_time,open,2026-10-07,2026-09-14,23,,weekly,v1,0.6.0,34a87b6a92c049129c3f03a687c8bad9,2026-09-30T12:47:52.852982+00:00
C9309-26-0875,Clinical Research Practitioner/ Research Nurse,unclassified,,,47951.0,56863.0,year,"£47,951 to £56,863 a year",University College London Hospitals NHS Foundation Trust,acute,London,Fixed-Term,full_time,open,2026-09-18,2026-09-01,,,(none),v1,0.6.0,73f813e5223942edb13ebd39138c99d9,2026-09-16T13:40:32.101581+00:00
C9361-26-0536,Senior Research Nurse-Research & Development,unclassified,,,49387.0,56515.0,year,"£49,387 to £56,515 a year",East and North Hertfordshire Teaching NHS Trust,acute,London,Permanent,full_time,open,2026-09-30,2026-09-09,21,,weekly,v1,0.6.0,34a87b6a92c049129c3f03a687c8bad9,2026-09-30T12:47:52.852982+00:00
W0037-26-0026,Research GP,unclassified,,,11800.0,11800.0,,"£11,800 a session",Shore Medical PCN,other,,Fixed-Term,part_time,open,2026-09-26,2026-08-26,,,(none),v1,0.6.0,de0b49ed9a0e4adcb9a8ac3741035c60,2026-09-23T11:48:36.401058+00:00
C9213-26-0815,Research Fellow,unclassified,,,,,,Depends on experience,King's College Hospital NHS Foundation Trust,acute,London,Fixed-Term,full_time,open,2026-09-16,2026-09-16,0,,weekly,v1,0.6.0,73f813e5223942edb13ebd39138c99d9,2026-09-16T13:40:32.101581+00:00
C9377-26-0418,Research Officer,unclassified,,,39959.0,48117.0,year,"£39,959 to £48,117 a year",The Mid Yorkshire Teaching NHS Trust,acute,North East and Yorkshire,Permanent,full_time,open,2026-10-14,2026-09-15,29,,weekly,v1,0.6.0,34a87b6a92c049129c3f03a687c8bad9,2026-09-30T12:47:52.852982+00:00
A3148-26-0001,Research Nurse,unclassified,,,,,,Depends on experience,Clevedon Medical Centre,primary_care,South West,Permanent,part_time,open,2026-09-30,2026-09-02,,,(none),v1,0.6.0,34a87b6a92c049129c3f03a687c8bad9,2026-09-30T12:47:52.852982+00:00
C9298-26-0955,Research Sonographer,unclassified,,,49387.0,56515.0,year,"£49,387 to £56,515 a year",Leeds Teaching Hospitals,acute,North East and Yorkshire,Fixed-Term,part_time,open,2026-09-29,2026-09-15,14,,weekly,v1,0.6.0,de0b49ed9a0e4adcb9a8ac3741035c60,2026-09-23T11:48:36.401058+00:00
C0023-26-1120,Research Nurse,unclassified,,,32073.0,39043.0,year,"£32,073 to £39,043 a year",Royal Devon University Healthcare NHS Foundation Trust,acute,South West,Permanent,full_time,open,2026-09-23,2026-09-14,11,,weekly,v1,0.6.0,de0b49ed9a0e4adcb9a8ac3741035c60,2026-09-23T11:48:36.401058+00:00
C9158-26-0235,Research Nurse,unclassified,,,32073.0,39043.0,year,"£32,073 to £39,043 a year",The Clatterbridge Cancer Centre NHSFT,acute,North West,Permanent,full_time,open,2026-09-29,2026-09-15,14,,weekly,v1,0.6.0,73f813e5223942edb13ebd39138c99d9,2026-09-16T13:40:32.101581+00:00
A2297-26-0019,Research Nurse,unclassified,,,,,,Depends on experience,Ashfields Primary Care Centre,other,North West,Permanent,flexible,open,2026-09-20,2026-09-08,12,,weekly,v1,0.6.0,73f813e5223942edb13ebd39138c99d9,2026-09-16T13:40:32.101581+00:00
A0881-26-0005,Research Dietitian,unclassified,,,,,,Depends on experience,Layton Medical Centre,primary_care,North West,Fixed-Term,flexible,open,2026-09-30,2026-09-15,15,,weekly,v1,0.6.0,34a87b6a92c049129c3f03a687c8bad9,2026-09-30T12:47:52.852982+00:00
C9287-26-1422,Research Matron,bedside,,,57528.0,64750.0,year,"£57,528 to £64,750 a year",Liverpool University Hospitals NHS Foundation Trust,acute,North West,Permanent,full_time,open,2026-09-22,2026-09-09,13,,weekly,v1,0.6.0,73f813e5223942edb13ebd39138c99d9,2026-09-16T13:40:32.101581+00:00
B0132-26-0026,Digital Educator,unclassified,,,41700.0,49000.0,year,"£41,700 to £49,000 a year",Royal Trinity Hospice,other,London,Permanent,full_time,open,2026-09-27,2026-09-09,18,,weekly,v1,0.6.0,de0b49ed9a0e4adcb9a8ac3741035c60,2026-09-23T11:48:36.401058+00:00
C9381-26-0369,Clinical Research Fellow,unclassified,,,54499.0,54499.0,year,"£54,499 a year",Sandwell and West Birmingham NHS Trust,acute,Midlands,Fixed-Term,full_time,open,2026-09-23,2026-09-11,12,,weekly,v1,0.6.0,de0b49ed9a0e4adcb9a8ac3741035c60,2026-09-23T11:48:36.401058+00:00
A2297-26-0020,Interim Research Manager,unclassified,,,,,,Depends on experience,Ashfields Primary Care Centre,other,North West,Fixed-Term,flexible,open,2026-09-20,2026-09-08,12,,weekly,v1,0.6.0,73f813e5223942edb13ebd39138c99d9,2026-09-16T13:40:32.101581+00:00
C9173-26-0436,Patient Research Ambassador,unclassified,,,28392.0,31157.0,year,"£28,392 to £31,157 a year",Leeds and York Partnership NHS Foundation Trust,acute,North East and Yorkshire,Fixed-Term,part_time,open,2026-09-23,2026-09-08,15,,weekly,v1,0.6.0,de0b49ed9a0e4adcb9a8ac3741035c60,2026-09-23T11:48:36.401058+00:00
C9390-26-2168,Research Finance Coordinator,unclassified,,,39959.0,39959.0,year,"£39,959 a year",Mid and South Essex NHS Foundation Trust,acute,East of England,Permanent,full_time,open,2026-09-20,2026-09-14,6,,weekly,v1,0.6.0,73f813e5223942edb13ebd39138c99d9,2026-09-16T13:40:32.101581+00:00
C9309-26-0916,Clinical Research Nurse,unclassified,,,38488.0,46852.0,year,"£38,488 to £46,852 a year",University College London Hospitals NHS Foundation Trust,acute,London,Fixed-Term,full_time,open,2026-09-29,2026-09-16,13,,weekly,v1,0.6.0,73f813e5223942edb13ebd39138c99d9,2026-09-16T13:40:32.101581+00:00
C9216-26-1457,Research Nurse/Practitioner,unclassified,,,32073.0,39043.0,year,"£32,073 to £39,043 a year",University Hospitals Plymouth NHS Trust,acute,South West,Permanent,full_time,open,2026-09-24,2026-09-10,14,,weekly,v1,0.6.0,de0b49ed9a0e4adcb9a8ac3741035c60,2026-09-23T11:48:36.401058+00:00
C9290-26-1051,Clinical Research Nurse,unclassified,,,47951.0,56863.0,year,"£47,951 to £56,863 a year",Imperial College Healthcare NHS Trust,acute,London,Fixed-Term,full_time,open,2026-09-29,2026-09-16,13,,weekly,v1,0.6.0,de0b49ed9a0e4adcb9a8ac3741035c60,2026-09-23T11:48:36.401058+00:00
C9213-26-0801,Liver Research Nurse,unclassified,,,47951.0,56863.0,year,"£47,951 to £56,863 a year",King's College Hospital NHS Foundation Trust,acute,London,Fixed-Term,full_time,open,2026-09-28,2026-09-14,14,,weekly,v1,0.6.0,de0b49ed9a0e4adcb9a8ac3741035c60,2026-09-23T11:48:36.401058+00:00
C0023-26-1117,Senior Research Nurse,unclassified,,,39959.0,48117.0,year,"£39,959 to £48,117 a year",Royal Devon University Healthcare NHS Foundation Trust,acute,South West,Permanent,full_time,open,2026-09-25,2026-09-11,14,,weekly,v1,0.6.0,de0b49ed9a0e4adcb9a8ac3741035c60,2026-09-23T11:48:36.401058+00:00
C9213-26-0799,Clinical Research Fellow,unclassified,,,76582.0,76582.0,year,"£76,582 a year",King's College Hospital NHS Foundation Trust,acute,London,Fixed-Term,part_time,open,2026-09-28,2026-09-14,14,,weekly,v1,0.6.0,73f813e5223942edb13ebd39138c99d9,2026-09-16T13:40:32.101581+00:00
M9990-26-0635,Product Manager,compass,,,57528.0,64750.0,year,"£57,528 to £64,750 a year",NHS England,arms_length_body,London,Permanent,flexible,open,2026-09-22,2026-09-08,14,,weekly,v1,0.6.0,73f813e5223942edb13ebd39138c99d9,2026-09-16T13:40:32.101581+00:00
C9298-26-0927,Pharmacy Production Operative,unclassified,,,25760.0,27476.0,year,"£25,760 to £27,476 a year",Leeds Teaching Hospitals,acute,North East and Yorkshire,Permanent,full_time,open,2026-09-24,2026-09-10,14,,weekly,v1,0.6.0,73f813e5223942edb13ebd39138c99d9,2026-09-16T13:40:32.101581+00:00
C9390-26-2095,SSD Production Manager,unclassified,,,32073.0,32073.0,year,"£32,073 a year",Mid and South Essex NHS Foundation Trust,acute,East of England,Permanent,full_time,open,2026-09-20,2026-09-07,13,,weekly,v1,0.6.0,73f813e5223942edb13ebd39138c99d9,2026-09-16T13:40:32.101581+00:00
C9319-26-0806,Head of Production,unclassified,,,79504.0,91609.0,year,"£79,504 to £91,609 a year",Northumbria Healthcare NHS Foundation Trust,acute,North East and Yorkshire,Permanent,flexible,open,2026-09-17,2026-09-03,14,,weekly,v1,0.6.0,73f813e5223942edb13ebd39138c99d9,2026-09-16T13:40:32.101581+00:00
C9190-26-0554,Food Production Manager,unclassified,,,39959.0,48117.0,year,"£39,959 to £48,117 a year",Sheffield Teaching Hospitals NHS Foundation Trust,acute,North East and Yorkshire,Permanent,full_time,open,2026-09-28,2026-09-14,14,,weekly,v1,0.6.0,de0b49ed9a0e4adcb9a8ac3741035c60,2026-09-23T11:48:36.401058+00:00
C9387-26-1837,Senior Radiopharmacy Production Training Officer,future,,,39959.0,48117.0,year,"£39,959 to £48,117 a year",Bristol NHS Foundation Trust,acute,South West,Permanent,full_time,open,2026-09-24,2026-09-07,17,,weekly,v1,0.6.0,de0b49ed9a0e4adcb9a8ac3741035c60,2026-09-23T11:48:36.401058+00:00
C9338-26-0441,Lived Experience and Co-production Lead,unclassified,,,49387.0,56515.0,year,"£49,387 to £56,515 a year",Humber Teaching NHS Foundation Trust,acute,North East and Yorkshire,Permanent,full_time,open,2026-09-16,2026-09-02,14,,weekly,v1,0.6.0,73f813e5223942edb13ebd39138c99d9,2026-09-16T13:40:32.101581+00:00
B0502-26-0010,Director of Finance & Resources,unclassified,,,60000.0,65000.0,year,"£60,000 to £65,000 a year",St John's Hospice,other,North West,Fixed-Term,full_time,open,2026-10-04,2026-09-11,23,,weekly,v1,0.6.0,34a87b6a92c049129c3f03a687c8bad9,2026-09-30T12:47:52.852982+00:00
C9349-26-2597,Podiatrist (Band 5 to Band 6 Development Post),unclassified,,Band 5,32073.0,48117.0,year,"£32,073 to £48,117 a year",Manchester University NHS Foundation Trust,acute,North West,Permanent,full_time,open,2026-09-20,2026-09-04,16,,weekly,v1,0.6.0,73f813e5223942edb13ebd39138c99d9,2026-09-16T13:40:32.101581+00:00
A5287-26-0034,Registrations Administrator,unclassified,,,12.71,12.71,hour,£12.71 an hour,Lister House Surgery,primary_care,Midlands,Permanent,flexible,open,2026-10-06,2026-09-08,28,,weekly,v1,0.6.0,de0b49ed9a0e4adcb9a8ac3741035c60,2026-09-23T11:48:36.401058+00:00
C9262-26-1445,Speech and Language Therapist CIC - Acute and Stroke Wards,unclassified,,,32073.0,39043.0,year,"£32,073 to £39,043 a year",North Cumbria Integrated Care NHS Foundation Trust,acute,North West,Fixed-Term,flexible,open,2026-09-30,2026-09-15,15,,weekly,v1,0.6.0,34a87b6a92c049129c3f03a687c8bad9,2026-09-30T12:47:52.852982+00:00
C9438-26-0301,Consultant Clinical Immunologist,unclassified,,,113565.0,150569.0,year,"£113,565 to £150,569 a year",Lancashire Teaching Hospitals NHS Foundation Trust,acute,North West,Permanent,full_time,open,2026-09-25,2026-07-01,,,(none),v1,0.6.0,de0b49ed9a0e4adcb9a8ac3741035c60,2026-09-23T11:48:36.401058+00:00
C9438-26-0300,Consultant in Infection,unclassified,,,113565.0,150569.0,year,"£113,565 to £150,569 a year",Lancashire Teaching Hospitals NHS Foundation Trust,acute,North West,Permanent,full_time,open,2026-10-15,2026-06-29,,,(none),v1,0.6.0,34a87b6a92c049129c3f03a687c8bad9,2026-09-30T12:47:52.852982+00:00
C9155-CSAHP-0926-13,Specialist Speech and Language Therapist (Adults),unclassified,,,39959.0,48117.0,year,"£39,959 to £48,117 a year",South Tyneside and Sunderland NHS Foundation Trust,acute,North East and Yorkshire,Fixed-Term,part_time,open,2026-09-23,2026-09-09,14,,weekly,v1,0.6.0,de0b49ed9a0e4adcb9a8ac3741035c60,2026-09-23T11:48:36.401058+00:00
U0124-26-0001,MSK Senior Physiotherapist,unclassified,,,43875.0,72800.0,year,"£43,875 to £72,800 a year",Bradford Physiotherapy Clinic Ltd,other,North East and Yorkshire,Locum,flexible,open,2026-09-30,2026-09-16,14,,weekly,v1,0.6.0,34a87b6a92c049129c3f03a687c8bad9,2026-09-30T12:47:52.852982+00:00
C9405-26-0440,Bank Physiotherapist,unclassified,,,32073.0,39043.0,year,"£32,073 to £39,043 a year",Dorset County Hospital NHS Foundation Trust,acute,South West,Bank,flexible,open,2026-09-29,2026-09-16,13,,weekly,v1,0.6.0,73f813e5223942edb13ebd39138c99d9,2026-09-16T13:40:32.101581+00:00
C9378-QA01513,Management Accountant,unclassified,,,32073.0,39043.0,year,"£32,073 to £39,043 a year",South West Yorkshire Partnership NHS Trust,acute,North East and Yorkshire,Permanent,flexible,open,2026-09-23,2026-09-09,14,,weekly,v1,0.6.0,73f813e5223942edb13ebd39138c99d9,2026-09-16T13:40:32.101581+00:00
A0543-26-0023,Practice Nurse,unclassified,,,30425.0,37880.0,year,"£30,425 to £37,880 a year",St Austell Healthcare,other,South West,Permanent,flexible,open,2026-09-16,2026-09-01,,,(none),v1,0.6.0,73f813e5223942edb13ebd39138c99d9,2026-09-16T13:40:32.101581+00:00
B0272-26-0003,Palliative Care Nurse,unclassified,,,,,,Depends on experience,City Hospice,other,,Permanent,full_time,open,2026-10-15,2026-09-14,31,False,weekly,v1,0.6.0,73f813e5223942edb13ebd39138c99d9,2026-09-16T13:40:32.101581+00:00
C9444-26-0531,Senior Psychological Wellbeing Practitioner - Band 6,unclassified,,Band 6,39959.0,48117.0,year,"£39,959 to £48,117 a year",Coventry and Warwickshire Partnership Trust,other,Midlands,Permanent,full_time,open,2026-09-22,2026-09-08,14,,weekly,v1,0.6.0,73f813e5223942edb13ebd39138c99d9,2026-09-16T13:40:32.101581+00:00
A1680-26-0004,GP Partner,unclassified,,,,,,Depends on experience,Wellside Surgery,primary_care,Midlands,Permanent,flexible,open,2026-10-30,2026-09-15,45,,weekly,v1,0.6.0,de0b49ed9a0e4adcb9a8ac3741035c60,2026-09-23T11:48:36.401058+00:00
C9164-26-0847,Senior Assistant Technical Officer - Cytolab,unclassified,,,25760.0,27476.0,year,"£25,760 to £27,476 a year",Nottingham University Hospitals NHS Trusts,acute,Midlands,Permanent,full_time,open,2026-09-21,2026-09-11,10,,weekly,v1,0.6.0,73f813e5223942edb13ebd39138c99d9,2026-09-16T13:40:32.101581+00:00
B9828-26-0203,Learning Lead (Social Care),unclassified,,,39959.0,48117.0,year,"£39,959 to £48,117 a year",Provide CIC,other,North East and Yorkshire,Permanent,full_time,open,2026-09-18,2026-09-11,7,,weekly,v1,0.6.0,73f813e5223942edb13ebd39138c99d9,2026-09-16T13:40:32.101581+00:00
E0279-26-2364,Paediatric Physiotherapy Assistant,unclassified,,,27674.0,30557.0,year,"£27,674 to £30,557 a year",HCRG Care Group,other,London,Permanent,full_time,open,2026-09-20,2026-09-02,18,,weekly,v1,0.6.0,73f813e5223942edb13ebd39138c99d9,2026-09-16T13:40:32.101581+00:00
C9444-26-0528,EMHP / CWP Senior MH Practitioner for MHST,unclassified,,,39959.0,48117.0,year,"£39,959 to £48,117 a year",Coventry and Warwickshire Partnership Trust,other,Midlands,Permanent,full_time,open,2026-09-21,2026-09-07,14,,weekly,v1,0.6.0,73f813e5223942edb13ebd39138c99d9,2026-09-16T13:40:32.101581+00:00
C9344-26-0455,Chemotherapy Clinical Research Nurse,unclassified,,,39959.0,48117.0,year,"£39,959 to £48,117 a year",East Kent Hospitals University NHS Foundation Trust,acute,South East,Permanent,flexible,open,2026-09-21,2026-09-15,6,,weekly,v1,0.6.0,73f813e5223942edb13ebd39138c99d9,2026-09-16T13:40:32.101581+00:00
C9190-26-0536,Head of Radiopharmacy,unclassified,,,79504.0,91609.0,year,"£79,504 to £91,609 a year",Sheffield Teaching Hospitals NHS Foundation Trust,acute,North East and Yorkshire,Permanent,full_time,open,2026-09-20,2026-09-07,13,,weekly,v1,0.6.0,73f813e5223942edb13ebd39138c99d9,2026-09-16T13:40:32.101581+00:00
C9387-26-1893,Senior Clinical Fellow - Congenital Cardiac Surgery,unclassified,,,67325.0,77348.0,year,"£67,325 to £77,348 a year",Bristol NHS Foundation Trust,acute,South West,Fixed-Term,full_time,open,2026-09-29,2026-09-15,14,,weekly,v1,0.6.0,73f813e5223942edb13ebd39138c99d9,2026-09-16T13:40:32.101581+00:00
U0062-26-0016,Clinical Trainer,future,,,52000.0,60000.0,year,"£52,000 to £60,000 a year",Diagnostic World,other,Midlands,Permanent,part_time,open,2026-10-02,2026-08-21,,,(none),v1,0.6.0,34a87b6a92c049129c3f03a687c8bad9,2026-09-30T12:47:52.852982+00:00
H9110-26-0885,Bank Sonographer Trainer,future,,,50129.0,57365.0,year,"£50,129 to £57,365 a year",Cwm Taf Morgannwg University Health Board,other,,Bank,flexible,open,2026-09-23,2026-08-26,,,(none),v1,0.6.0,de0b49ed9a0e4adcb9a8ac3741035c60,2026-09-23T11:48:36.401058+00:00
C9267-26-1055,Children's Nurse Trainer,future,,,32073.0,39043.0,year,"£32,073 to £39,043 a year",Oxford Health NHS Trust,acute,South East,Permanent,full_time,open,2026-09-17,2026-09-03,14,,weekly,v1,0.6.0,73f813e5223942edb13ebd39138c99d9,2026-09-16T13:40:32.101581+00:00
U0062-26-0021,Ultrasound Clinical Trainer,future,,,52500.0,60000.0,year,"£52,500 to £60,000 a year",Diagnostic World,other,Midlands,Permanent,full_time,open,2026-10-02,2026-08-26,,,(none),v1,0.6.0,34a87b6a92c049129c3f03a687c8bad9,2026-09-30T12:47:52.852982+00:00
C9405-26-0426,Fire Safety Advisor & Trainer,future,,,39959.0,48117.0,year,"£39,959 to £48,117 a year",Dorset County Hospital NHS Foundation Trust,acute,South West,Fixed-Term,full_time,open,2026-09-30,2026-09-04,26,,weekly,v1,0.6.0,34a87b6a92c049129c3f03a687c8bad9,2026-09-30T12:47:52.852982+00:00
A1555-26-0007,Salaried GP / GP Trainer,future,,,,,,Depends on experience,Henmore Health,other,Midlands,Permanent,part_time,open,2026-10-04,2026-09-07,27,,weekly,v1,0.6.0,34a87b6a92c049129c3f03a687c8bad9,2026-09-30T12:47:52.852982+00:00
E0309-26-0175,Specialist Neurodevelopmental Trainer & Clinical Assessor,future,,,,,,Depends on experience,Evolve Psychology Services,other,North East and Yorkshire,Permanent,flexible,open,2026-09-18,2026-09-04,14,,weekly,v1,0.6.0,73f813e5223942edb13ebd39138c99d9,2026-09-16T13:40:32.101581+00:00
H9050-26-2208,Research Administrator,unclassified,,,28819.0,31626.0,year,"£28,819 to £31,626 a year",Betsi Cadwaladr University Health Board,other,,Permanent,full_time,open,2026-10-07,2026-09-23,14,False,weekly,v1,0.6.0,34a87b6a92c049129c3f03a687c8bad9,2026-09-30T12:47:52.852982+00:00
C9358-26-0624,Digital Trainer,future,,,32073.0,39043.0,year,"£32,073 to £39,043 a year",University Hospitals of Leicester NHS Trust,acute,Midlands,Permanent,full_time,open,2026-09-30,2026-09-18,12,False,weekly,v1,0.6.0,de0b49ed9a0e4adcb9a8ac3741035c60,2026-09-23T11:48:36.401058+00:00
C9434-26-0622,Digital Records Officer,unclassified,,,32073.0,39043.0,year,"£32,073 to £39,043 a year",Buckinghamshire Healthcare NHS Trust,acute,East of England,Permanent,flexible,open,2026-10-07,2026-09-23,14,False,weekly,v1,0.6.0,34a87b6a92c049129c3f03a687c8bad9,2026-09-30T12:47:52.852982+00:00
M0048-26-0475,Digital Service Owner,compass,,,66582.0,77368.0,year,"£66,582 to £77,368 a year",NHS Blood and Transplant,arms_length_body,North East and Yorkshire,Fixed-Term,full_time,open,2026-10-04,2026-09-18,16,False,weekly,v1,0.6.0,34a87b6a92c049129c3f03a687c8bad9,2026-09-30T12:47:52.852982+00:00
C9279-26-1054,Digital Research Facilitator,unclassified,,,39959.0,48117.0,year,"£39,959 to £48,117 a year",University Hospitals Sussex NHS Foundation Trust (279),acute,South East,Fixed-Term,flexible,open,2026-10-15,2026-09-21,24,False,weekly,v1,0.6.0,34a87b6a92c049129c3f03a687c8bad9,2026-09-30T12:47:52.852982+00:00
E0327-26-0503,Digital Central Pharmacist,bedside,,,,,,Depends on experience,Operose Health,other,London,Permanent,full_time,open,2026-10-02,2026-09-22,10,False,weekly,v1,0.6.0,34a87b6a92c049129c3f03a687c8bad9,2026-09-30T12:47:52.852982+00:00
C9319-26-0884,Business Apprentice (Digital Services),unclassified,,,25272.0,25272.0,year,"£25,272 a year",Northumbria Healthcare NHS Foundation Trust,acute,North East and Yorkshire,Apprenticeship,flexible,open,2026-10-07,2026-09-23,14,False,weekly,v1,0.6.0,34a87b6a92c049129c3f03a687c8bad9,2026-09-30T12:47:52.852982+00:00
C9339-26-1150,Senior Digital Programme Lead,compass,,,66582.0,77368.0,year,"£66,582 to £77,368 a year",Bristol NHS Foundation Trust,acute,South West,Permanent,flexible,open,2026-10-01,2026-09-17,14,False,weekly,v1,0.6.0,34a87b6a92c049129c3f03a687c8bad9,2026-09-30T12:47:52.852982+00:00
C9279-26-1053,Digital Research Access Manager,unclassified,,,57528.0,64750.0,year,"£57,528 to £64,750 a year",University Hospitals Sussex NHS Foundation Trust (279),acute,South East,Fixed-Term,flexible,open,2026-10-15,2026-09-21,24,False,weekly,v1,0.6.0,34a87b6a92c049129c3f03a687c8bad9,2026-09-30T12:47:52.852982+00:00
C9275-26-0193,Health Records Clerk - Digital Services,lifeblood,,,25272.0,25272.0,year,"£25,272 a year",Medway NHS Foundation Trust,acute,South East,Permanent,full_time,open,2026-10-01,2026-09-18,13,False,weekly,v1,0.6.0,de0b49ed9a0e4adcb9a8ac3741035c60,2026-09-23T11:48:36.401058+00:00
C9275-26-0194,Health Records Clerk - Digital Services,lifeblood,,,25272.0,25272.0,year,"£25,272 a year",Medway NHS Foundation Trust,acute,South East,Fixed-Term,full_time,open,2026-10-01,2026-09-18,13,False,weekly,v1,0.6.0,de0b49ed9a0e4adcb9a8ac3741035c60,2026-09-23T11:48:36.401058+00:00
C9405-26-0444,Joint Digital Pharmacist / Pharmacy Technician,bedside,,,57528.0,64750.0,year,"£57,528 to £64,750 a year",Dorset County Hospital NHS Foundation Trust,acute,South West,Secondment,full_time,open,2026-10-01,2026-09-18,13,False,weekly,v1,0.6.0,34a87b6a92c049129c3f03a687c8bad9,2026-09-30T12:47:52.852982+00:00
C9308-26-0131,Chief Digital and Information Officer,lifeblood,,,,,,Depends on experience,London Ambulance Service NHS Trust,ambulance,London,Permanent,full_time,open,2026-10-22,2026-09-21,31,False,weekly,v1,0.6.0,34a87b6a92c049129c3f03a687c8bad9,2026-09-30T12:47:52.852982+00:00
C9396-26-0401,Chief Pharmacy Technician - ePMA & Digital Services,bedside,,,55524.0,62652.0,year,"£55,524 to £62,652 a year",Kingston and Richmond NHS Foundation Trust,acute,London,Permanent,full_time,open,2026-10-04,2026-09-17,17,False,weekly,v1,0.6.0,34a87b6a92c049129c3f03a687c8bad9,2026-09-30T12:47:52.852982+00:00
C9180-26-1200,Medical Secretary / Clinic Coordinator,unclassified,,,28392.0,31157.0,year,"£28,392 to £31,157 a year",Cambridge University Hospital NHS Foundation Trust,acute,East of England,Fixed-Term,flexible,open,2026-09-30,2026-09-18,12,False,weekly,v1,0.6.0,34a87b6a92c049129c3f03a687c8bad9,2026-09-30T12:47:52.852982+00:00
C9176-26-0519,Deputy Medical Director - Quality and Governance,unclassified,,,113565.0,150569.0,year,"£113,565 to £150,569 a year",North West Anglia NHS Foundation Trust,acute,Midlands,Fixed-Term,part_time,open,2026-10-04,2026-09-18,16,False,weekly,v1,0.6.0,34a87b6a92c049129c3f03a687c8bad9,2026-09-30T12:47:52.852982+00:00
C9020-26-0150,Senior Information Analyst,lifeblood,,,40559.0,48841.0,year,"£40,559 to £48,841 a year",Welsh Ambulance NHS Trust,ambulance,,Permanent,full_time,open,2026-10-04,2026-09-18,16,False,weekly,v1,0.6.0,34a87b6a92c049129c3f03a687c8bad9,2026-09-30T12:47:52.852982+00:00
C9277-26-0966,Consultant Psychiatrist - Greenwich Home Treatment Team,unclassified,,,113565.0,150569.0,year,"£113,565 to £150,569 a year",Oxleas NHS Foundation Trust,acute,London,Permanent,full_time,open,2026-10-19,2026-09-18,31,False,weekly,v1,0.6.0,34a87b6a92c049129c3f03a687c8bad9,2026-09-30T12:47:52.852982+00:00
H9130-26-0354,Senior Information Analyst and Service Improvement Data Lead,lifeblood,,,50129.0,57365.0,year,"£50,129 to £57,365 a year",Swansea Bay University Health Board,other,,Fixed-Term,full_time,open,2026-09-30,2026-09-16,14,False,weekly,v1,0.6.0,34a87b6a92c049129c3f03a687c8bad9,2026-09-30T12:47:52.852982+00:00
H9001-26-0845,Senior Information Analyst,lifeblood,,,40559.0,48841.0,year,"£40,559 to £48,841 a year",Cardiff and Vale University Health Board,other,,Fixed-Term,full_time,open,2026-10-05,2026-09-21,14,False,weekly,v1,0.6.0,34a87b6a92c049129c3f03a687c8bad9,2026-09-30T12:47:52.852982+00:00
B0540-26-0023,Head of Business & Commercial Development,unclassified,,,,,,Depends on experience,Mastercall Healthcare,other,North West,Permanent,flexible,open,2026-09-28,2026-09-09,19,False,weekly,v1,0.6.0,de0b49ed9a0e4adcb9a8ac3741035c60,2026-09-23T11:48:36.401058+00:00
D9708-MSE564,Senior Advanced Analyst - Band 8b,unclassified,,Band 8b,66582.0,77368.0,year,"£66,582 to £77,368 a year",NHS Essex Integrated Care Board,icb,East of England,Permanent,full_time,open,2026-09-24,2026-09-11,13,False,weekly,v1,0.6.0,de0b49ed9a0e4adcb9a8ac3741035c60,2026-09-23T11:48:36.401058+00:00
C9279-26-1064,Deputy Director of Cyber and IT Operations,foundation,,,112782.0,129783.0,year,"£112,782 to £129,783 a year",University Hospitals Sussex NHS Foundation Trust (279),acute,South East,Permanent,full_time,open,2026-10-18,2026-09-22,26,False,weekly,v1,0.6.0,34a87b6a92c049129c3f03a687c8bad9,2026-09-30T12:47:52.852982+00:00
C9820-26-0622,Band 7 Highly Specialist Speech and Language Therapist,unclassified,,Band 7,49387.0,56515.0,year,"£49,387 to £56,515 a year",Birmingham Community Healthcare NHS FT,community,Midlands,Permanent,flexible,open,2026-09-24,2026-09-10,14,False,weekly,v1,0.6.0,de0b49ed9a0e4adcb9a8ac3741035c60,2026-09-23T11:48:36.401058+00:00
C9382-26-0534,Highly Specialist Dietitian for Cystic Fibrosis,unclassified,,,49387.0,56515.0,year,"£49,387 to £56,515 a year",Blackpool Teaching Hospitals NHS Foundation Trust,acute,North West,Permanent,flexible,open,2026-09-27,2026-08-28,30,False,weekly,v1,0.6.0,de0b49ed9a0e4adcb9a8ac3741035c60,2026-09-23T11:48:36.401058+00:00
C9218-26-1161,Ward Clerk,unclassified,,,25272.0,25272.0,year,"£25,272 a year",University Hospitals Coventry and Warwickshire NHS Trust,acute,Midlands,Permanent,full_time,open,2026-09-30,2026-09-22,8,False,weekly,v1,0.6.0,de0b49ed9a0e4adcb9a8ac3741035c60,2026-09-23T11:48:36.401058+00:00
D9708-MSE566,Clinical Systems Specialist - Band 7,bedside,foundation,Band 7,49387.0,56515.0,year,"£49,387 to £56,515 a year",NHS Essex Integrated Care Board,icb,East of England,Fixed-Term,full_time,open,2026-09-30,2026-09-17,13,False,weekly,v1,0.6.0,34a87b6a92c049129c3f03a687c8bad9,2026-09-30T12:47:52.852982+00:00
C9232-26-0247,Systemic Family Therapist,unclassified,,,49387.0,56515.0,year,"£49,387 to £56,515 a year",North Staffordshire Combined Healthcare Trust,other,North West,Permanent,part_time,open,2026-09-30,2026-09-17,13,False,weekly,v1,0.6.0,34a87b6a92c049129c3f03a687c8bad9,2026-09-30T12:47:52.852982+00:00
C9242-26-0187,Financial Systems Analyst,foundation,,,49387.0,56515.0,year,"£49,387 to £56,515 a year",North West Ambulance Service NHS Trust,ambulance,North West,Permanent,full_time,open,2026-10-04,2026-09-17,17,False,weekly,v1,0.6.0,de0b49ed9a0e4adcb9a8ac3741035c60,2026-09-23T11:48:36.401058+00:00
C9210-26-0438,Workforce Information & System Administrator,foundation,lifeblood,,32073.0,39043.0,year,"£32,073 to £39,043 a year",Countess of Chester Hospital NHS Foundation Trust,acute,North West,Permanent,full_time,open,2026-10-05,2026-09-22,13,False,weekly,v1,0.6.0,de0b49ed9a0e4adcb9a8ac3741035c60,2026-09-23T11:48:36.401058+00:00
C9294-26-0270,Highly Specialist Systemic Psychotherapist,unclassified,,,75328.0,86114.0,year,"£75,328 to £86,114 a year",South West London and St Georges Mental Health NHS Trust,mental_health,London,Permanent,part_time,open,2026-10-01,2026-09-17,14,False,weekly,v1,0.6.0,34a87b6a92c049129c3f03a687c8bad9,2026-09-30T12:47:52.852982+00:00
H9040-26-0947,Systems Business Administrator (Oracle),unclassified,,,26813.0,27890.0,year,"£26,813 to £27,890 a year",Aneurin Bevan University Health Board,other,,Permanent,full_time,open,2026-09-23,2026-09-18,5,True,weekly,v1,0.6.0,de0b49ed9a0e4adcb9a8ac3741035c60,2026-09-23T11:48:36.401058+00:00
E0132-26-2106,Part-Time Systemic Family Therapist,unclassified,,,51562.5,51562.5,year,"£51,562.50 a year",Elysium Healthcare,other,East of England,Permanent,full_time,open,2026-10-19,2026-09-17,32,False,weekly,v1,0.6.0,34a87b6a92c049129c3f03a687c8bad9,2026-09-30T12:47:52.852982+00:00
C9437-26-0835,Research Family and Systemic Psychotherapist,unclassified,,,57528.0,64750.0,year,"£57,528 to £64,750 a year",Greater Manchester Mental Health NHS Foundation Trust,mental_health,North West,Fixed-Term,part_time,open,2026-10-04,2026-09-18,16,False,weekly,v1,0.6.0,de0b49ed9a0e4adcb9a8ac3741035c60,2026-09-23T11:48:36.401058+00:00
C9369-26-0687,Family and Systemic Psychotherapist - CFHD,unclassified,,,49387.0,56515.0,year,"£49,387 to £56,515 a year",Devon Partnership NHS Trust,acute,South West,Fixed-Term,flexible,open,2026-10-08,2026-09-11,13,False,weekly,v1,0.6.0,34a87b6a92c049129c3f03a687c8bad9,2026-09-30T12:47:52.852982+00:00
C9201-26-1131,CAMHS Systemic CYP- IAPT Trainee,unclassified,,,39959.0,48117.0,year,"£39,959 to £48,117 a year",Cornwall Partnership NHS Foundation Trust,acute,South West,Fixed-Term,full_time,open,2026-09-24,2026-09-10,14,False,weekly,v1,0.6.0,de0b49ed9a0e4adcb9a8ac3741035c60,2026-09-23T11:48:36.401058+00:00
G9914-26-0028,People Systems and Transformation Advisor,unclassified,,,39959.0,48117.0,year,"£39,959 to £48,117 a year",NHS Business Services Authority,arms_length_body,North East and Yorkshire,Fixed-Term,full_time,open,2026-09-27,2026-09-14,13,False,weekly,v1,0.6.0,de0b49ed9a0e4adcb9a8ac3741035c60,2026-09-23T11:48:36.401058+00:00
C9271-26-0382,EPR Credentialed Trainer,bedside,,,47951.0,56863.0,year,"£47,951 to £56,863 a year",Great Ormond Street Hospital for Children NHS Foundation Trust,acute,London,Fixed-Term,full_time,open,2026-09-30,2026-09-21,9,False,weekly,v1,0.6.0,de0b49ed9a0e4adcb9a8ac3741035c60,2026-09-23T11:48:36.401058+00:00
C9234-26-0881,EPR LMS Manager,bedside,,,32073.0,39043.0,year,"£32,073 to £39,043 a year",Norfolk and Norwich University Hospital,acute,East of England,Fixed-Term,flexible,open,2026-10-04,2026-09-21,13,False,weekly,v1,0.6.0,34a87b6a92c049129c3f03a687c8bad9,2026-09-30T12:47:52.852982+00:00
C9234-26-0885,EPR LMS Admin,bedside,,,25760.0,27476.0,year,"£25,760 to £27,476 a year",Norfolk and Norwich University Hospital,acute,East of England,Fixed-Term,flexible,open,2026-10-05,2026-09-22,13,False,weekly,v1,0.6.0,34a87b6a92c049129c3f03a687c8bad9,2026-09-30T12:47:52.852982+00:00
C9234-26-0886,EPR Transformation & Adoption Lead,bedside,,,57528.0,64750.0,year,"£57,528 to £64,750 a year",Norfolk and Norwich University Hospital,acute,East of England,Fixed-Term,flexible,open,2026-10-05,2026-09-22,13,False,weekly,v1,0.6.0,34a87b6a92c049129c3f03a687c8bad9,2026-09-30T12:47:52.852982+00:00
C9334-26-0823,Communications and Engagement Officer - EPR,bedside,,,34186.0,37389.0,year,"£34,186 to £37,389 a year",South London and Maudsley NHS Foundation Trust,acute,London,Fixed-Term,full_time,open,2026-09-30,2026-09-17,13,False,weekly,v1,0.6.0,34a87b6a92c049129c3f03a687c8bad9,2026-09-30T12:47:52.852982+00:00
C9349-26-2810,LCO EPR Backfill - Senior Data Engineer,bedside,lifeblood,,49387.0,56515.0,year,"£49,387 to £56,515 a year",Manchester University NHS Foundation Trust,acute,North West,Fixed-Term,full_time,open,2026-09-28,2026-09-22,6,True,weekly,v1,0.6.0,de0b49ed9a0e4adcb9a8ac3741035c60,2026-09-23T11:48:36.401058+00:00
C9389-26-0488,Administrator (Pre-Assessment Clinic),unclassified,,,25272.0,25272.0,year,"£25,272 a year",Bradford Teaching Hospitals NHS Foundation Trust,acute,North East and Yorkshire,Permanent,flexible,open,2026-09-25,2026-09-18,7,False,weekly,v1,0.6.0,de0b49ed9a0e4adcb9a8ac3741035c60,2026-09-23T11:48:36.401058+00:00
C9337-26-0763,Surgical Escalation Lead,unclassified,,,45953.0,54254.0,year,"£45,953 to £54,254 a year",London North West University Healthcare NHS Trust,acute,London,Permanent,full_time,open,2026-09-25,2026-09-21,4,True,weekly,v1,0.6.0,de0b49ed9a0e4adcb9a8ac3741035c60,2026-09-23T11:48:36.401058+00:00
C9321-26-1667,Assistant Waiting List Officer,unclassified,,,25760.0,27476.0,year,"£25,760 to £27,476 a year",Oxford University Hospitals NHS Foundation Trust,acute,South East,Permanent,full_time,open,2026-09-30,2026-09-17,13,False,weekly,v1,0.6.0,de0b49ed9a0e4adcb9a8ac3741035c60,2026-09-23T11:48:36.401058+00:00
C9284-26-0433,Clinical Psychologist Preceptorship - Paediatrics,unclassified,,,57528.0,64750.0,year,"£57,528 to £64,750 a year",Birmingham Women's and Children's NHS Foundation Trust,acute,Midlands,Permanent,flexible,open,2026-10-05,2026-09-21,14,False,weekly,v1,0.6.0,34a87b6a92c049129c3f03a687c8bad9,2026-09-30T12:47:52.852982+00:00
C9321-26-1660,Assistant Patient Pathway Administrator,unclassified,,,25760.0,27476.0,year,"£25,760 to £27,476 a year",Oxford University Hospitals NHS Foundation Trust,acute,South East,Permanent,full_time,open,2026-09-30,2026-09-17,13,False,weekly,v1,0.6.0,34a87b6a92c049129c3f03a687c8bad9,2026-09-30T12:47:52.852982+00:00
C9153-26-0789,Medical Same Day Emergency Care/AMU Ward Clerk,unclassified,,,25272.0,25272.0,year,"£25,272 a year",University Hospitals Dorset NHS Foundation Trust,acute,,Permanent,flexible,open,2026-10-04,2026-09-18,16,False,weekly,v1,0.6.0,34a87b6a92c049129c3f03a687c8bad9,2026-09-30T12:47:52.852982+00:00
C9290-26-1095,Sister/Charge Nurse,unclassified,,,47951.0,56863.0,year,"£47,951 to £56,863 a year",Imperial College Healthcare NHS Trust,acute,London,Permanent,full_time,open,2026-10-06,2026-09-23,13,False,weekly,v1,0.6.0,34a87b6a92c049129c3f03a687c8bad9,2026-09-30T12:47:52.852982+00:00
C9193-26-0619,"Receptionist (Townlands, Henley-on-Thames) - Part Time 15 hrs p/w",unclassified,,,25272.0,25272.0,year,"£25,272 a year",Royal Berkshire NHS Foundation Trust,acute,South East,Permanent,part_time,open,2026-10-04,2026-09-17,17,False,weekly,v1,0.6.0,34a87b6a92c049129c3f03a687c8bad9,2026-09-30T12:47:52.852982+00:00
C9213-26-0826,Senior physiotherapist,unclassified,,,45953.0,54254.0,year,"£45,953 to £54,254 a year",King's College Hospital NHS Foundation Trust,acute,London,Fixed-Term,part_time,open,2026-10-05,2026-09-21,14,False,weekly,v1,0.6.0,de0b49ed9a0e4adcb9a8ac3741035c60,2026-09-23T11:48:36.401058+00:00
C9439-2627-RP-N314,Childrens Outpatient Sister,unclassified,,,39959.0,48117.0,year,"£39,959 to £48,117 a year",County Durham & Darlington NHS Foundation Trust,acute,North East and Yorkshire,Secondment,part_time,open,2026-09-30,2026-09-16,14,False,weekly,v1,0.6.0,de0b49ed9a0e4adcb9a8ac3741035c60,2026-09-23T11:48:36.401058+00:00
C9225-26-0700,CAS Co-Ordinator & Team Secretary,unclassified,,,25760.0,27476.0,year,"£25,760 to £27,476 a year",The Royal Wolverhampton NHS Trust,acute,Midlands,Permanent,part_time,open,2026-10-11,2026-09-21,20,False,weekly,v1,0.6.0,de0b49ed9a0e4adcb9a8ac3741035c60,2026-09-23T11:48:36.401058+00:00
B0263-26-0421,Information Governance Manager,lifeblood,,,,,,Depends on experience,The Hospital of St John and St Elizabeth,other,London,Permanent,part_time,open,2026-10-05,2026-09-22,13,False,weekly,v1,0.6.0,34a87b6a92c049129c3f03a687c8bad9,2026-09-30T12:47:52.852982+00:00
C9287-26-1486,Information Governance Officer,lifeblood,,,39959.0,48117.0,year,"£39,959 to £48,117 a year",Liverpool University Hospitals NHS Foundation Trust,acute,North West,Permanent,flexible,open,2026-10-01,2026-09-18,13,False,weekly,v1,0.6.0,34a87b6a92c049129c3f03a687c8bad9,2026-09-30T12:47:52.852982+00:00
C9151-26-1186,Information Governance Officer,lifeblood,,,33677.0,40995.0,year,"£33,677 to £40,995 a year",Frimley Health NHS Foundation Trust,acute,South East,Permanent,full_time,open,2026-10-04,2026-09-17,17,False,weekly,v1,0.6.0,34a87b6a92c049129c3f03a687c8bad9,2026-09-30T12:47:52.852982+00:00
C9287-26-1530,Senior Information Governance Specialist,lifeblood,,,49387.0,56515.0,year,"£49,387 to £56,515 a year",Liverpool University Hospitals NHS Foundation Trust,acute,North West,Permanent,flexible,open,2026-10-01,2026-09-18,13,False,weekly,v1,0.6.0,34a87b6a92c049129c3f03a687c8bad9,2026-09-30T12:47:52.852982+00:00
C9273-26-0227,Senior Information Governance Officer,lifeblood,,,47951.0,56863.0,year,"£47,951 to £56,863 a year",Moorfields Eye Hospital NHS Foundation Trust,acute,London,Permanent,full_time,open,2026-10-04,2026-09-17,17,False,weekly,v1,0.6.0,de0b49ed9a0e4adcb9a8ac3741035c60,2026-09-23T11:48:36.401058+00:00
M9980-26-0135,Information Governance and Complaints Manager,lifeblood,,,49387.0,56515.0,year,"£49,387 to £56,515 a year",Health Research Authority,arms_length_body,North East and Yorkshire,Permanent,full_time,open,2026-10-05,2026-09-21,14,False,weekly,v1,0.6.0,34a87b6a92c049129c3f03a687c8bad9,2026-09-30T12:47:52.852982+00:00
M9980-26-0134,Information Governance and Complaints Manager,lifeblood,,,49387.0,56515.0,year,"£49,387 to £56,515 a year",Health Research Authority,arms_length_body,North West,Permanent,full_time,open,2026-10-05,2026-09-21,14,False,weekly,v1,0.6.0,34a87b6a92c049129c3f03a687c8bad9,2026-09-30T12:47:52.852982+00:00
M9980-26-0133,Information Governance and Complaints Manager,lifeblood,,,49387.0,56515.0,year,"£49,387 to £56,515 a year",Health Research Authority,arms_length_body,North East and Yorkshire,Permanent,full_time,open,2026-09-30,2026-09-21,14,False,weekly,v1,0.6.0,34a87b6a92c049129c3f03a687c8bad9,2026-09-30T12:47:52.852982+00:00
C9155-CRAC-0926-23,Information Assistant,unclassified,,,25760.0,27476.0,year,"£25,760 to £27,476 a year",South Tyneside and Sunderland NHS Foundation Trust,acute,North East and Yorkshire,Permanent,full_time,open,2026-10-06,2026-09-22,14,False,weekly,v1,0.6.0,34a87b6a92c049129c3f03a687c8bad9,2026-09-30T12:47:52.852982+00:00
C9303-26-0133,Workforce Information Apprentice,lifeblood,,,25272.0,25272.0,year,"£25,272 a year",The Royal Orthopaedic Hospital NHS Foundation Trust,acute,Midlands,Fixed-Term,full_time,open,2026-10-05,2026-09-21,14,False,weekly,v1,0.6.0,34a87b6a92c049129c3f03a687c8bad9,2026-09-30T12:47:52.852982+00:00
B0142-26-0025,Clinical Governance Lead,unclassified,,,47615.0,47615.0,year,"£47,615 a year",St Nicholas Hospice Care,other,East of England,Permanent,flexible,open,2026-10-18,2026-09-21,27,False,weekly,v1,0.6.0,34a87b6a92c049129c3f03a687c8bad9,2026-09-30T12:47:52.852982+00:00
B0142-26-0026,Corporate Governance Lead,unclassified,,,47615.0,47615.0,year,"£47,615 a year",St Nicholas Hospice Care,other,East of England,Permanent,flexible,open,2026-10-18,2026-09-21,27,False,weekly,v1,0.6.0,34a87b6a92c049129c3f03a687c8bad9,2026-09-30T12:47:52.852982+00:00
C9409-26-0930,Clinical Governance Lead,unclassified,,,57528.0,64750.0,year,"£57,528 to £64,750 a year",Mersey and West Lancashire Teaching Hospitals NHS Trust,acute,North West,Permanent,full_time,open,2026-09-30,2026-09-16,14,False,weekly,v1,0.6.0,34a87b6a92c049129c3f03a687c8bad9,2026-09-30T12:47:52.852982+00:00
B0478-26-0016,Governance & Service Coordinator,unclassified,,,25353.0,25353.0,year,"£25,353 to £25,353 a year",Compton Care,other,Midlands,Permanent,part_time,open,2026-10-02,2026-09-18,14,False,weekly,v1,0.6.0,34a87b6a92c049129c3f03a687c8bad9,2026-09-30T12:47:52.852982+00:00
E0302-26-1092,Clinical Governance Lead,unclassified,,,,,,Depends on experience,Nuffield Health,other,Midlands,Permanent,part_time,open,2026-10-19,2026-09-22,27,False,weekly,v1,0.6.0,34a87b6a92c049129c3f03a687c8bad9,2026-09-30T12:47:52.852982+00:00
G9907-26-0115,Data Analyst,lifeblood,,,32073.0,39043.0,year,"£32,073 to £39,043 a year",NICE - The National Institute for Health and Care Excellence,arms_length_body,North West,Permanent,flexible,open,2026-10-07,2026-09-23,14,False,weekly,v1,0.6.0,de0b49ed9a0e4adcb9a8ac3741035c60,2026-09-23T11:48:36.401058+00:00
C9188-26-0839,Data Analyst and Quality Lead,lifeblood,,,57528.0,64750.0,year,"£57,528 to £64,750 a year",University Hospital Southampton NHS Trust,acute,South East,Fixed-Term,flexible,open,2026-10-01,2026-09-18,13,False,weekly,v1,0.6.0,34a87b6a92c049129c3f03a687c8bad9,2026-09-30T12:47:52.852982+00:00
E0454-26-0392,Data Analyst and IT Support,lifeblood,,,25000.0,27550.0,year,"£25,000 to £27,550 a year",DoctorPA Secure LTD,other,South East,Permanent,full_time,open,2026-09-30,2026-09-18,12,False,weekly,v1,0.6.0,de0b49ed9a0e4adcb9a8ac3741035c60,2026-09-23T11:48:36.401058+00:00
M9990-26-0677,Cyber Security Analyst (Security Advisor/Analyst),foundation,,,59264.4,67818.0,year,"£59,264.40 to £67,818 a year",NHS England,arms_length_body,North East and Yorkshire,Permanent,flexible,open,2026-10-04,2026-09-18,16,False,weekly,v1,0.6.0,34a87b6a92c049129c3f03a687c8bad9,2026-09-30T12:47:52.852982+00:00
C9290-26-1097,Test Analyst,foundation,,,38488.0,46852.0,year,"£38,488 to £46,852 a year",Imperial College Healthcare NHS Trust,acute,London,Permanent,full_time,open,2026-09-29,2026-09-22,7,False,weekly,v1,0.6.0,de0b49ed9a0e4adcb9a8ac3741035c60,2026-09-23T11:48:36.401058+00:00
C9356-26-0626,Analyst Tester,foundation,,,39959.0,48117.0,year,"£39,959 to £48,117 a year",Hull University Teaching Hospitals NHS Trust,acute,North East and Yorkshire,Fixed-Term,full_time,open,2026-10-02,2026-09-18,14,False,weekly,v1,0.6.0,34a87b6a92c049129c3f03a687c8bad9,2026-09-30T12:47:52.852982+00:00
A4840-26-0001,Data Administrator,lifeblood,,,25000.0,25000.0,year,"£25,000 a year",Guide Post Medical Group,other,North East and Yorkshire,Permanent,full_time,open,2026-10-31,2026-09-17,44,False,weekly,v1,0.6.0,34a87b6a92c049129c3f03a687c8bad9,2026-09-30T12:47:52.852982+00:00
C9287-26-1544,Data Quality Administrator,lifeblood,,,25760.0,27476.0,year,"£25,760 to £27,476 a year",Liverpool University Hospitals NHS Foundation Trust,acute,North West,Permanent,full_time,open,2026-10-05,2026-09-21,14,False,weekly,v1,0.6.0,de0b49ed9a0e4adcb9a8ac3741035c60,2026-09-23T11:48:36.401058+00:00
C9188-26-0847,Data Quality Coordinator,lifeblood,,,28392.0,31157.0,year,"£28,392 to £31,157 a year",University Hospital Southampton NHS Trust,acute,South East,Permanent,flexible,open,2026-10-06,2026-09-23,13,False,weekly,v1,0.6.0,34a87b6a92c049129c3f03a687c8bad9,2026-09-30T12:47:52.852982+00:00
A0735-26-0004,Data Quality Administrator,lifeblood,,,,,,Depends on experience,MULLION & CONSTANTINE GROUP PRACTICE,primary_care,South West,Fixed-Term,part_time,open,2026-10-26,2026-09-17,39,False,weekly,v1,0.6.0,34a87b6a92c049129c3f03a687c8bad9,2026-09-30T12:47:52.852982+00:00
B0158-26-0123,Data Care Coordinator,unclassified,,,24907.0,26566.0,year,"£24,907 to £26,566 a year",Vertis Health,other,Midlands,Permanent,flexible,open,2026-10-07,2026-09-18,19,False,weekly,v1,0.6.0,de0b49ed9a0e4adcb9a8ac3741035c60,2026-09-23T11:48:36.401058+00:00
C9153-26-0790,Data Management Assistant,unclassified,,,25272.0,25272.0,year,"£25,272 a year",University Hospitals Dorset NHS Foundation Trust,acute,,Fixed-Term,full_time,open,2026-10-02,2026-09-21,11,False,weekly,v1,0.6.0,de0b49ed9a0e4adcb9a8ac3741035c60,2026-09-23T11:48:36.401058+00:00
D9985-26-0012,Junior Data Engineer,lifeblood,,,47951.0,56863.0,year,"£47,951 to £56,863 a year",West and North London ICB,icb,London,Permanent,full_time,open,2026-10-08,2026-09-17,21,False,weekly,v1,0.6.0,de0b49ed9a0e4adcb9a8ac3741035c60,2026-09-23T11:48:36.401058+00:00
C9321-26-1698,Clinical Data Manager,lifeblood,,,28392.0,31157.0,year,"£28,392 to £31,157 a year",Oxford University Hospitals NHS Foundation Trust,acute,South East,Fixed-Term,full_time,open,2026-10-07,2026-09-23,14,False,weekly,v1,0.6.0,de0b49ed9a0e4adcb9a8ac3741035c60,2026-09-23T11:48:36.401058+00:00
D9985-26-0009,Senior Data Scientist,lifeblood,,,66274.0,73496.0,year,"£66,274 to £73,496 a year",West and North London ICB,icb,London,Permanent,full_time,open,2026-09-27,2026-09-11,16,False,weekly,v1,0.6.0,de0b49ed9a0e4adcb9a8ac3741035c60,2026-09-23T11:48:36.401058+00:00
C9308-26-0137,Clinical Data Administrator,lifeblood,,,34186.0,37389.0,year,"£34,186 to £37,389 a year",London Ambulance Service NHS Trust,ambulance,London,Permanent,full_time,open,2026-10-06,2026-09-22,14,False,weekly,v1,0.6.0,de0b49ed9a0e4adcb9a8ac3741035c60,2026-09-23T11:48:36.401058+00:00
D9985-26-0011,Data Science Lead,unclassified,,,75328.0,86114.0,year,"£75,328 to £86,114 a year",West and North London ICB,icb,London,Permanent,full_time,open,2026-09-27,2026-09-17,10,False,weekly,v1,0.6.0,de0b49ed9a0e4adcb9a8ac3741035c60,2026-09-23T11:48:36.401058+00:00
G9907-26-0109,Cyber Security Specialist (Operational),foundation,,,57528.0,64750.0,year,"£57,528 to £64,750 a year",NICE - The National Institute for Health and Care Excellence,arms_length_body,North West,Permanent,flexible,open,2026-10-02,2026-09-18,14,False,weekly,v1,0.6.0,34a87b6a92c049129c3f03a687c8bad9,2026-09-30T12:47:52.852982+00:00
C9153-26-0784,Security,unclassified,,,25272.0,25272.0,year,"£25,272 a year",University Hospitals Dorset NHS Foundation Trust,acute,,Permanent,full_time,open,2026-09-30,2026-09-21,9,False,weekly,v1,0.6.0,34a87b6a92c049129c3f03a687c8bad9,2026-09-30T12:47:52.852982+00:00
C9390-26-2181,Security Officer,unclassified,,,25272.0,25272.0,year,"£25,272 a year",Mid and South Essex NHS Foundation Trust,acute,East of England,Permanent,full_time,open,2026-10-01,2026-09-17,14,False,weekly,v1,0.6.0,34a87b6a92c049129c3f03a687c8bad9,2026-09-30T12:47:52.852982+00:00
C9317-26-0765,Security Officer,unclassified,,,25272.0,25272.0,year,"£25,272 a year",The Newcastle upon Tyne Hospitals NHS Foundation Trust,acute,North East and Yorkshire,Permanent,full_time,open,2026-09-27,2026-09-18,9,False,weekly,v1,0.6.0,de0b49ed9a0e4adcb9a8ac3741035c60,2026-09-23T11:48:36.401058+00:00
B9832-2027-AC-1970-2,Secure Services Receptionist,unclassified,,,25272.0,25272.0,year,"£25,272 a year",Livewell Southwest,other,South West,Permanent,flexible,open,2026-10-04,2026-09-21,13,False,weekly,v1,0.6.0,34a87b6a92c049129c3f03a687c8bad9,2026-09-30T12:47:52.852982+00:00
C9177-26-0387,Bank Portering & Security Supervisor,unclassified,,,28392.0,31157.0,year,"£28,392 to £31,157 a year",James Paget University Hospitals NHS Foundation Trust,acute,East of England,Bank,flexible,open,2026-10-05,2026-09-21,14,False,weekly,v1,0.6.0,34a87b6a92c049129c3f03a687c8bad9,2026-09-30T12:47:52.852982+00:00
C9390-26-2175,Bank Security Officer - Band 2,unclassified,,Band 2,12.14,12.14,hour,£12.14 an hour,Mid and South Essex NHS Foundation Trust,acute,East of England,Bank,flexible,open,2026-10-01,2026-09-17,14,False,weekly,v1,0.6.0,34a87b6a92c049129c3f03a687c8bad9,2026-09-30T12:47:52.852982+00:00
C9153-26-0797,Porter & Security Officer - Poole Hospital,unclassified,,,25272.0,25272.0,year,"£25,272 a year",University Hospitals Dorset NHS Foundation Trust,acute,,Permanent,full_time,open,2026-10-04,2026-09-21,13,False,weekly,v1,0.6.0,34a87b6a92c049129c3f03a687c8bad9,2026-09-30T12:47:52.852982+00:00
C9351-26-1085,Health Safety and Security Officer,unclassified,,,39959.0,48117.0,year,"£39,959 to £48,117 a year",Lancashire & South Cumbria NHS Foundation Trust,acute,North West,Permanent,full_time,open,2026-10-04,2026-09-21,13,False,weekly,v1,0.6.0,34a87b6a92c049129c3f03a687c8bad9,2026-09-30T12:47:52.852982+00:00
H9040-26-0957,Security Officer - Grange University Hospital,unclassified,,,26813.0,27890.0,year,"£26,813 to £27,890 a year",Aneurin Bevan University Health Board,other,,Permanent,full_time,open,2026-09-28,2026-09-22,6,True,weekly,v1,0.6.0,de0b49ed9a0e4adcb9a8ac3741035c60,2026-09-23T11:48:36.401058+00:00
C9342-26-0630,Consultant Psychiatrist - Forensic Psychiatry - Female Medium Secure,unclassified,,,113565.0,150569.0,year,"£113,565 to £150,569 a year",Avon & Wiltshire Mental Health Partnership NHS Trust,mental_health,South West,Permanent,part_time,open,2026-10-06,2026-09-17,19,False,weekly,v1,0.6.0,34a87b6a92c049129c3f03a687c8bad9,2026-09-30T12:47:52.852982+00:00
C9342-26-0629,Consultant Psychiatrist - Forensic Psychiatry - Male Medium Secure,unclassified,,,113565.0,150569.0,year,"£113,565 to £150,569 a year",Avon & Wiltshire Mental Health Partnership NHS Trust,mental_health,South West,Permanent,part_time,open,2026-10-06,2026-09-17,19,False,weekly,v1,0.6.0,de0b49ed9a0e4adcb9a8ac3741035c60,2026-09-23T11:48:36.401058+00:00
C9380-26-0758,ICT Technical Specialist - Security and Firewall Technologies,foundation,,,49387.0,56515.0,year,"£49,387 to £56,515 a year",Kent and Medway Mental Health NHS Trust,mental_health,South East,Permanent,full_time,open,2026-10-02,2026-09-18,14,False,weekly,v1,0.6.0,de0b49ed9a0e4adcb9a8ac3741035c60,2026-09-23T11:48:36.401058+00:00
C0020-26-1414,Band 6 Network Support Engineer,foundation,,Band 6,39959.0,48117.0,year,"£39,959 to £48,117 a year",University Hospitals Birmingham NHS Foundation Trust,acute,Midlands,Permanent,flexible,open,2026-10-05,2026-09-21,14,False,weekly,v1,0.6.0,34a87b6a92c049129c3f03a687c8bad9,2026-09-30T12:47:52.852982+00:00
C9273-26-0229,Data Scientist/Software Engineer (AI and Computer Vision),foundation,,,58133.0,65261.0,year,"£58,133 to £65,261 a year",Moorfields Eye Hospital NHS Foundation Trust,acute,London,Fixed-Term,full_time,open,2026-09-23,2026-09-16,7,False,weekly,v1,0.6.0,de0b49ed9a0e4adcb9a8ac3741035c60,2026-09-23T11:48:36.401058+00:00
K9919-26-0290,Senior Specialist Engineer (Specialist Site Reliability Engineer SRE),unclassified,,,41983.0,52113.0,year,"£41,983 to £52,113 a year",UK Health Security Agency,arms_length_body,London,Permanent,flexible,open,2026-10-06,2026-09-23,13,False,weekly,v1,0.6.0,34a87b6a92c049129c3f03a687c8bad9,2026-09-30T12:47:52.852982+00:00
D9161-26-0006,Senior Network Engineer,foundation,,,66274.0,73496.0,year,"£66,274 to £73,496 a year",NHS North East London,other,London,Permanent,full_time,open,2026-09-30,2026-09-17,13,False,weekly,v1,0.6.0,34a87b6a92c049129c3f03a687c8bad9,2026-09-30T12:47:52.852982+00:00
C9177-26-0385,Senior Mechanical Engineer,unclassified,,,49387.0,56515.0,year,"£49,387 to £56,515 a year",James Paget University Hospitals NHS Foundation Trust,acute,East of England,Permanent,full_time,open,2026-10-01,2026-09-21,10,False,weekly,v1,0.6.0,34a87b6a92c049129c3f03a687c8bad9,2026-09-30T12:47:52.852982+00:00
B0237-26-0085,IT Operations Engineer,unclassified,,,26325.0,27222.0,year,"£26,325 to £27,222 a year",Horder Healthcare,other,South East,Permanent,full_time,open,2026-10-30,2026-09-17,43,False,weekly,v1,0.6.0,34a87b6a92c049129c3f03a687c8bad9,2026-09-30T12:47:52.852982+00:00
C9337-26-0754,Senior Business Intelligence Developer,lifeblood,,,63665.0,70887.0,year,"£63,665 to £70,887 a year",London North West University Healthcare NHS Trust,acute,London,Permanent,flexible,open,2026-10-02,2026-09-18,14,False,weekly,v1,0.6.0,de0b49ed9a0e4adcb9a8ac3741035c60,2026-09-23T11:48:36.401058+00:00
C9313-26-0416,Business Assistant,unclassified,,,25760.0,27476.0,year,"£25,760 to £27,476 a year",Leicestershire Partnership NHS Trust,acute,Midlands,Permanent,part_time,open,2026-09-25,2026-09-17,8,False,weekly,v1,0.6.0,de0b49ed9a0e4adcb9a8ac3741035c60,2026-09-23T11:48:36.401058+00:00
C9369-26-0678,Business Administrator,unclassified,,,28392.0,31157.0,year,"£28,392 to £31,157 a year",Devon Partnership NHS Trust,acute,South West,Permanent,part_time,open,2026-10-04,2026-09-18,16,False,weekly,v1,0.6.0,34a87b6a92c049129c3f03a687c8bad9,2026-09-30T12:47:52.852982+00:00
C9348-26-2017,Business Support Administrator,unclassified,,,25760.0,27476.0,year,"£25,760 to £27,476 a year",Hampshire and Isle of Wight Healthcare NHS Foundation Trust,acute,South East,Permanent,full_time,open,2026-10-04,2026-09-18,16,False,weekly,v1,0.6.0,34a87b6a92c049129c3f03a687c8bad9,2026-09-30T12:47:52.852982+00:00
B0263-26-0411,Business Development Manager,unclassified,,,,,,Depends on experience,The Hospital of St John and St Elizabeth,other,London,Permanent,full_time,open,2026-10-05,2026-09-22,13,False,weekly,v1,0.6.0,34a87b6a92c049129c3f03a687c8bad9,2026-09-30T12:47:52.852982+00:00
C9369-26-0718,Business Support Administrator,unclassified,,,25760.0,27476.0,year,"£25,760 to £27,476 a year",Devon Partnership NHS Trust,acute,South West,Fixed-Term,full_time,open,2026-10-05,2026-09-18,17,False,weekly,v1,0.6.0,34a87b6a92c049129c3f03a687c8bad9,2026-09-30T12:47:52.852982+00:00
C9267-26-1082,HR Business Partner,unclassified,,,57528.0,64750.0,year,"£57,528 to £64,750 a year",Oxford Health NHS Trust,acute,South East,Permanent,flexible,open,2026-09-27,2026-09-14,13,,weekly,v1,0.6.0,de0b49ed9a0e4adcb9a8ac3741035c60,2026-09-23T11:48:36.401058+00:00
C9298-26-0990,Finance Business Partner,unclassified,,,66582.0,77368.0,year,"£66,582 to £77,368 a year",Leeds Teaching Hospitals,acute,North East and Yorkshire,Permanent,full_time,open,2026-10-05,2026-09-21,14,False,weekly,v1,0.6.0,34a87b6a92c049129c3f03a687c8bad9,2026-09-30T12:47:52.852982+00:00
C9269-26-0366,Business Support Administrator,unclassified,,,25760.0,27476.0,year,"£25,760 to £27,476 a year",Salisbury NHS Foundation Trust,acute,South West,Fixed-Term,flexible,open,2026-10-11,2026-09-17,24,False,weekly,v1,0.6.0,de0b49ed9a0e4adcb9a8ac3741035c60,2026-09-23T11:48:36.401058+00:00
B0263-26-0416,Business Development Officer,unclassified,,,,,,Depends on experience,The Hospital of St John and St Elizabeth,other,London,Permanent,full_time,open,2026-10-05,2026-09-22,13,False,weekly,v1,0.6.0,34a87b6a92c049129c3f03a687c8bad9,2026-09-30T12:47:52.852982+00:00
C9371-26-0757,Business Support Lead,unclassified,,,28392.0,31157.0,year,"£28,392 to £31,157 a year",Berkshire Healthcare Foundation Trust,acute,South East,Fixed-Term,full_time,open,2026-09-29,2026-09-22,7,False,weekly,v1,0.6.0,de0b49ed9a0e4adcb9a8ac3741035c60,2026-09-23T11:48:36.401058+00:00
C9430-26-0443,Procurement Business Partner,unclassified,,,49387.0,56515.0,year,"£49,387 to £56,515 a year",Milton Keynes University Hospital NHS Foundation Trust,acute,South East,Permanent,full_time,open,2026-10-02,2026-09-18,14,False,weekly,v1,0.6.0,34a87b6a92c049129c3f03a687c8bad9,2026-09-30T12:47:52.852982+00:00
A2805-21-1408,IT Administrator,foundation,,,,,,Depends on experience,Showell Park Health Centre,primary_care,Midlands,Permanent,flexible,open,2026-10-08,2026-09-17,21,False,weekly,v1,0.6.0,34a87b6a92c049129c3f03a687c8bad9,2026-09-30T12:47:52.852982+00:00
A0028-26-0005,IT Administrator,foundation,,,,,,Depends on experience,Whiteladies Medical Group,other,South West,Permanent,flexible,open,2026-10-02,2026-09-18,14,False,weekly,v1,0.6.0,34a87b6a92c049129c3f03a687c8bad9,2026-09-30T12:47:52.852982+00:00
A1310-26-0023,IT Administrator Apprentice,foundation,,,8.0,8.0,hour,£8 an hour,Newgate Medical Group,other,North East and Yorkshire,Fixed-Term,full_time,open,2026-10-05,2026-09-18,17,False,weekly,v1,0.6.0,34a87b6a92c049129c3f03a687c8bad9,2026-09-30T12:47:52.852982+00:00
C9377-26-0425,IT Service Manager,foundation,,,49387.0,56515.0,year,"£49,387 to £56,515 a year",The Mid Yorkshire Teaching NHS Trust,acute,North East and Yorkshire,Fixed-Term,full_time,open,2026-10-02,2026-09-21,11,False,weekly,v1,0.6.0,34a87b6a92c049129c3f03a687c8bad9,2026-09-30T12:47:52.852982+00:00
I9236-26-0054,IT Service Desk Officer,foundation,,,32073.0,39043.0,year,"£32,073 to £39,043 a year",NHS Greater Manchester Integrated Care,other,North West,Permanent,full_time,open,2026-10-01,2026-09-17,14,False,weekly,v1,0.6.0,de0b49ed9a0e4adcb9a8ac3741035c60,2026-09-23T11:48:36.401058+00:00
E0505-26-0530,Junior IT Project Manager,unclassified,,,38000.0,38000.0,year,"£38,000 a year",Practice Plus Group - Health in Justice,other,East of England,Permanent,full_time,open,2026-10-02,2026-09-23,9,False,weekly,v1,0.6.0,34a87b6a92c049129c3f03a687c8bad9,2026-09-30T12:47:52.852982+00:00
I9236-26-0055,IT Service Desk Officer,foundation,,,32073.0,39043.0,year,"£32,073 to £39,043 a year",NHS Greater Manchester Integrated Care,other,North West,Permanent,full_time,open,2026-10-02,2026-09-18,14,False,weekly,v1,0.6.0,de0b49ed9a0e4adcb9a8ac3741035c60,2026-09-23T11:48:36.401058+00:00
C9317-26-0768,Junior IT Service Desk Analyst,foundation,,,25760.0,27476.0,year,"£25,760 to £27,476 a year",The Newcastle upon Tyne Hospitals NHS Foundation Trust,acute,North East and Yorkshire,Permanent,full_time,open,2026-10-04,2026-09-18,16,False,weekly,v1,0.6.0,34a87b6a92c049129c3f03a687c8bad9,2026-09-30T12:47:52.852982+00:00
C9317-26-0777,Senior IT Officer – Network and Telecoms,foundation,,,39959.0,48117.0,year,"£39,959 to £48,117 a year",The Newcastle upon Tyne Hospitals NHS Foundation Trust,acute,North East and Yorkshire,Permanent,full_time,open,2026-09-27,2026-09-21,6,True,weekly,v1,0.6.0,de0b49ed9a0e4adcb9a8ac3741035c60,2026-09-23T11:48:36.401058+00:00
C9236-26-1065,"Team Manager, Network and I.T. Communications",unclassified,,,57528.0,64750.0,year,"£57,528 to £64,750 a year",Northern Care Alliance NHS Foundation Trust,acute,North West,Permanent,full_time,open,2026-10-06,2026-09-22,14,False,weekly,v1,0.6.0,34a87b6a92c049129c3f03a687c8bad9,2026-09-30T12:47:52.852982+00:00
C9267-26-1118,Peer Support Worker - IPS (Employment support),unclassified,,,25760.0,27476.0,year,"£25,760 to £27,476 a year",Oxford Health NHS Trust,acute,East of England,Permanent,part_time,open,2026-09-27,2026-09-18,9,False,weekly,v1,0.6.0,de0b49ed9a0e4adcb9a8ac3741035c60,2026-09-23T11:48:36.401058+00:00
H9001-26-0842,Vascular Network Programme Coordinator,unclassified,,,32557.0,39631.0,year,"£32,557 to £39,631 a year",Cardiff and Vale University Health Board,other,,Permanent,full_time,open,2026-10-01,2026-09-18,13,False,weekly,v1,0.6.0,de0b49ed9a0e4adcb9a8ac3741035c60,2026-09-23T11:48:36.401058+00:00
W0054-26-0004,Primary Care Network GP,unclassified,,,,,,Depends on experience,SWAGGA PCN Limited,other,North West,Fixed-Term,part_time,open,2026-10-31,2026-09-16,45,False,weekly,v1,0.6.0,34a87b6a92c049129c3f03a687c8bad9,2026-09-30T12:47:52.852982+00:00
U0055-26-0106,Primary Care Network Paramedic,unclassified,,,53500.0,60216.0,year,"£53,500 to £60,216 a year",Greenwich Health Ltd,other,London,Permanent,full_time,open,2026-10-05,2026-09-22,13,False,weekly,v1,0.6.0,34a87b6a92c049129c3f03a687c8bad9,2026-09-30T12:47:52.852982+00:00
H9110-26-0981,Engineering Tradesperson Electrical,unclassified,,,32557.0,39631.0,year,"£32,557 to £39,631 a year",Cwm Taf Morgannwg University Health Board,other,,Permanent,full_time,open,2026-10-07,2026-09-23,14,False,weekly,v1,0.6.0,34a87b6a92c049129c3f03a687c8bad9,2026-09-30T12:47:52.852982+00:00
C9301-26-1215,Service Delivery Engineer,unclassified,,,28392.0,31157.0,year,"£28,392 to £31,157 a year",Midlands Partnership NHS Foundation Trust,acute,North West,Permanent,full_time,open,2026-09-30,2026-08-21,,,(none),v1,0.6.0,34a87b6a92c049129c3f03a687c8bad9,2026-09-30T12:47:52.852982+00:00
C9028-26-0180,Software Developer,foundation,,,32557.0,39631.0,year,"£32,557 to £39,631 a year",Public Health Wales,other,,Permanent,full_time,open,2026-10-04,2026-09-22,12,False,weekly,v1,0.6.0,de0b49ed9a0e4adcb9a8ac3741035c60,2026-09-23T11:48:36.401058+00:00
M9043-26-0231,Organisational Development Manager,unclassified,,,50129.0,57365.0,year,"£50,129 to £57,365 a year",NHS Wales Shared Services Partnership,other,,Fixed-Term,full_time,open,2026-10-01,2026-09-18,13,False,weekly,v1,0.6.0,34a87b6a92c049129c3f03a687c8bad9,2026-09-30T12:47:52.852982+00:00
B0065-26-0029,Practice Development Nurse,unclassified,,,,,,Depends on experience,St Christopher's Hospice,other,London,Permanent,part_time,open,2026-10-06,2026-09-23,13,False,weekly,v1,0.6.0,34a87b6a92c049129c3f03a687c8bad9,2026-09-30T12:47:52.852982+00:00
C9331-26-0697,ICC Development Lead,unclassified,,,49387.0,56515.0,year,"£49,387 to £56,515 a year",University Hospitals of Morecambe Bay NHS Trust,acute,North West,Permanent,flexible,open,2026-10-02,2026-09-22,10,False,weekly,v1,0.6.0,34a87b6a92c049129c3f03a687c8bad9,2026-09-30T12:47:52.852982+00:00
C9348-26-2058,Practice Development Practitioner,unclassified,,,49387.0,56515.0,year,"£49,387 to £56,515 a year",Hampshire and Isle of Wight Healthcare NHS Foundation Trust,acute,South East,Permanent,full_time,open,2026-10-05,2026-09-23,12,False,weekly,v1,0.6.0,34a87b6a92c049129c3f03a687c8bad9,2026-09-30T12:47:52.852982+00:00
C9439-2627-RP-N99,Practice Development Educator,unclassified,,,49387.0,56515.0,year,"£49,387 to £56,515 a year",County Durham & Darlington NHS Foundation Trust,acute,North East and Yorkshire,Permanent,full_time,open,2026-09-30,2026-09-16,14,False,weekly,v1,0.6.0,34a87b6a92c049129c3f03a687c8bad9,2026-09-30T12:47:52.852982+00:00
A4850-26-0010,Business Development & Operations Manager,unclassified,,,30000.0,40000.0,year,"£30,000 to £40,000 a year",General Practice Medical Solutions Ltd,other,Midlands,Permanent,full_time,open,2026-10-30,2026-09-22,38,False,weekly,v1,0.6.0,34a87b6a92c049129c3f03a687c8bad9,2026-09-30T12:47:52.852982+00:00
C9216-26-1482,Respiratory Consultant Practitioner (Developing),unclassified,,,57528.0,91609.0,year,"£57,528 to £91,609 a year",University Hospitals Plymouth NHS Trust,acute,South West,Permanent,full_time,open,2026-10-05,2026-09-21,14,False,weekly,v1,0.6.0,34a87b6a92c049129c3f03a687c8bad9,2026-09-30T12:47:52.852982+00:00
C9331-26-0698,ICC Development Lead - Lancaster,unclassified,,,49387.0,56515.0,year,"£49,387 to £56,515 a year",University Hospitals of Morecambe Bay NHS Trust,acute,North West,Permanent,flexible,open,2026-10-02,2026-09-22,10,False,weekly,v1,0.6.0,34a87b6a92c049129c3f03a687c8bad9,2026-09-30T12:47:52.852982+00:00
C9354-26-1118,ND Practitioner Development Post,unclassified,,,31049.0,37796.0,year,"£31,049 to £37,796 a year",Sussex Partnership NHS Foundation Trust,acute,South East,Permanent,full_time,open,2026-10-01,2026-09-17,14,False,weekly,v1,0.6.0,34a87b6a92c049129c3f03a687c8bad9,2026-09-30T12:47:52.852982+00:00
C9253-26-0439,Paediatric Practice Development Nurse,unclassified,,,49387.0,56515.0,year,"£49,387 to £56,515 a year",The Dudley Group NHS Foundation Trust,acute,Midlands,Permanent,flexible,open,2026-09-30,2026-09-17,13,False,weekly,v1,0.6.0,34a87b6a92c049129c3f03a687c8bad9,2026-09-30T12:47:52.852982+00:00
C9346-26-1136,Head of Research and Development,unclassified,,,66582.0,77368.0,year,"£66,582 to £77,368 a year",Tees Esk and Wear Valleys NHS Foundation Trust,acute,North East and Yorkshire,Permanent,full_time,open,2026-10-01,2026-09-17,14,False,weekly,v1,0.6.0,de0b49ed9a0e4adcb9a8ac3741035c60,2026-09-23T11:48:36.401058+00:00
B0554-26-0096,Coding Clerk (Bank),unclassified,,,14.07,14.07,hour,£14.07 an hour,Cumbria Health,other,North West,Bank,part_time,open,2026-10-06,2026-09-22,14,False,weekly,v1,0.6.0,34a87b6a92c049129c3f03a687c8bad9,2026-09-30T12:47:52.852982+00:00
D9644-26-0053,Associate Clinical Director Clinical Advisory,unclassified,,,113565.0,150569.0,year,"£113,565 to £150,569 a year",NHS Central East ICB,icb,East of England,Permanent,flexible,open,2026-10-01,2026-09-17,14,False,weekly,v1,0.6.0,34a87b6a92c049129c3f03a687c8bad9,2026-09-30T12:47:52.852982+00:00
C9298-26-0998,Clinical Fellow in Prenatal/Clinical Genetics,unclassified,,,67325.0,67325.0,year,"£67,325 a year",Leeds Teaching Hospitals,acute,North East and Yorkshire,Fixed-Term,full_time,open,2026-10-09,2026-09-21,18,False,weekly,v1,0.6.0,34a87b6a92c049129c3f03a687c8bad9,2026-09-30T12:47:52.852982+00:00
C9308-26-0077,Clinical Education Driving Tutor - Non Clinical,unclassified,,,55524.0,62652.0,year,"£55,524 to £62,652 a year",London Ambulance Service NHS Trust,ambulance,London,Permanent,full_time,open,2026-10-01,2026-09-17,14,False,weekly,v1,0.6.0,34a87b6a92c049129c3f03a687c8bad9,2026-09-30T12:47:52.852982+00:00
C9311-26-0614,"Principal Clinical/Counselling Psychologist, Clinical Lead",unclassified,,,66582.0,77368.0,year,"£66,582 to £77,368 a year",Pennine Care NHS FT,acute,North West,Permanent,full_time,open,2026-10-04,2026-09-22,12,False,weekly,v1,0.6.0,34a87b6a92c049129c3f03a687c8bad9,2026-09-30T12:47:52.852982+00:00
C9367-26-0890,Clinical Psychologist,unclassified,,,59798.0,67020.0,year,"£59,798 to £67,020 a year",Hertfordshire Partnership University NHS Foundation Trust,acute,London,Permanent,flexible,open,2026-10-01,2026-09-17,14,False,weekly,v1,0.6.0,34a87b6a92c049129c3f03a687c8bad9,2026-09-30T12:47:52.852982+00:00
B0427-26-0014,Clinical Lead,unclassified,,,65000.0,70000.0,year,"£65,000 to £70,000 a year",Via,other,London,Permanent,full_time,open,2026-10-15,2026-09-18,27,False,weekly,v1,0.6.0,34a87b6a92c049129c3f03a687c8bad9,2026-09-30T12:47:52.852982+00:00
A3013-26-0033,Clinical Pharmacist,bedside,,,52999.0,52999.0,year,"£52,999 a year",Mereside Medical Group,other,East of England,Permanent,flexible,open,2026-10-09,2026-09-21,18,False,weekly,v1,0.6.0,34a87b6a92c049129c3f03a687c8bad9,2026-09-30T12:47:52.852982+00:00
A3013-26-0034,Clinical Administrator,unclassified,,,23591.0,23591.0,year,"£23,591 a year",Mereside Medical Group,other,East of England,Permanent,flexible,open,2026-10-02,2026-09-22,10,False,weekly,v1,0.6.0,34a87b6a92c049129c3f03a687c8bad9,2026-09-30T12:47:52.852982+00:00
C9252-26-0170,Clinical Pharmacist,bedside,,,41957.0,50387.0,year,"£41,957 to £50,387 a year",Dartford and Gravesham NHS Trust,acute,London,Permanent,full_time,open,2026-10-07,2026-09-23,14,False,weekly,v1,0.6.0,34a87b6a92c049129c3f03a687c8bad9,2026-09-30T12:47:52.852982+00:00
M0073-26-0035,Clinical Psychologist,unclassified,,,39000.0,39000.0,year,"£39,000 a year",Xyla,other,London,Permanent,flexible,open,2026-09-25,2026-08-25,31,False,weekly,v1,0.6.0,de0b49ed9a0e4adcb9a8ac3741035c60,2026-09-23T11:48:36.401058+00:00
C9358-26-0610,Clinical Technologist,unclassified,,,32073.0,39043.0,year,"£32,073 to £39,043 a year",University Hospitals of Leicester NHS Trust,acute,Midlands,Permanent,full_time,open,2026-09-23,2026-09-10,13,False,weekly,v1,0.6.0,de0b49ed9a0e4adcb9a8ac3741035c60,2026-09-23T11:48:36.401058+00:00
B9832-2026-SP-1149-2,Clinical Psychologist,unclassified,,,49387.0,56515.0,year,"£49,387 to £56,515 a year",Livewell Southwest,other,South West,Fixed-Term,flexible,open,2026-09-25,2026-09-10,15,False,weekly,v1,0.6.0,de0b49ed9a0e4adcb9a8ac3741035c60,2026-09-23T11:48:36.401058+00:00
A0046-26-0005,Clinical Pharmacist,bedside,,,,,,Depends on experience,Sabden & Whalley Medical Group,other,North West,Permanent,full_time,open,2026-09-25,2026-09-10,15,False,weekly,v1,0.6.0,de0b49ed9a0e4adcb9a8ac3741035c60,2026-09-23T11:48:36.401058+00:00
C9380-26-0729,Clinical Pharmacist,bedside,,,49387.0,56515.0,year,"£49,387 to £56,515 a year",Kent and Medway Mental Health NHS Trust,mental_health,South East,Fixed-Term,full_time,open,2026-09-25,2026-09-11,14,False,weekly,v1,0.6.0,de0b49ed9a0e4adcb9a8ac3741035c60,2026-09-23T11:48:36.401058+00:00
L0087-26-0722,Clinical Lead,unclassified,,,24.72,24.72,hour,£24.72 an hour,HC-One,other,,Permanent,full_time,open,2026-10-01,2026-09-16,15,False,weekly,v1,0.6.0,de0b49ed9a0e4adcb9a8ac3741035c60,2026-09-23T11:48:36.401058+00:00
C9318-26-0830,"Health Records Supervisor, Band 3",lifeblood,,Band 3,25760.0,27476.0,year,"£25,760 to £27,476 a year",Gloucestershire Hospitals NHS Foundation Trust,acute,South West,Permanent,full_time,open,2026-10-07,2026-09-23,14,False,weekly,v1,0.6.0,34a87b6a92c049129c3f03a687c8bad9,2026-09-30T12:47:52.852982+00:00
C9434-26-0623,Access to Health Records & FOI Lead,lifeblood,,,32073.0,39043.0,year,"£32,073 to £39,043 a year",Buckinghamshire Healthcare NHS Trust,acute,East of England,Permanent,flexible,open,2026-10-07,2026-09-23,14,False,weekly,v1,0.6.0,34a87b6a92c049129c3f03a687c8bad9,2026-09-30T12:47:52.852982+00:00
C9298-26-0992,Medical Records Supervisor,lifeblood,,,25760.0,27476.0,year,"£25,760 to £27,476 a year",Leeds Teaching Hospitals,acute,North East and Yorkshire,Permanent,full_time,open,2026-10-01,2026-09-21,10,False,weekly,v1,0.6.0,de0b49ed9a0e4adcb9a8ac3741035c60,2026-09-23T11:48:36.401058+00:00
C9390-26-2187,Access to Records Administrator,unclassified,,,25760.0,25760.0,year,"£25,760 a year",Mid and South Essex NHS Foundation Trust,acute,East of England,Permanent,full_time,open,2026-09-24,2026-09-17,7,False,weekly,v1,0.6.0,de0b49ed9a0e4adcb9a8ac3741035c60,2026-09-23T11:48:36.401058+00:00
C9842-26-0577,Health Visitor,unclassified,,,39959.0,48117.0,year,"£39,959 to £48,117 a year",Derbyshire Community Health Services NHSFT,community,North East and Yorkshire,Permanent,full_time,open,2026-09-28,2026-09-18,10,False,weekly,v1,0.6.0,de0b49ed9a0e4adcb9a8ac3741035c60,2026-09-23T11:48:36.401058+00:00
F0067-TP-1113-3542,Health Visitor,unclassified,,,40044.0,48738.0,year,"£40,044 to £48,738 a year",Lincolnshire County Council,other,Midlands,Permanent,flexible,open,2026-09-27,2026-09-22,5,True,weekly,v1,0.6.0,de0b49ed9a0e4adcb9a8ac3741035c60,2026-09-23T11:48:36.401058+00:00
B0458-26-0003,Health Visitor,unclassified,,,37158.0,44799.0,year,"£37,158 to £44,799 a year",Achieving For Children,other,South East,Permanent,full_time,open,2026-10-03,2026-09-17,16,False,weekly,v1,0.6.0,34a87b6a92c049129c3f03a687c8bad9,2026-09-30T12:47:52.852982+00:00
F0060-26-0027,Health Visitor,unclassified,,,45750.0,49056.0,year,"£45,750 to £49,056 a year",London Borough of Newham,other,London,Permanent,flexible,open,2026-10-13,2026-09-22,21,False,weekly,v1,0.6.0,34a87b6a92c049129c3f03a687c8bad9,2026-09-30T12:47:52.852982+00:00
A2700-26-0043,PAC Care Coordinator,unclassified,,,,,,Depends on experience,Sutton Primary Care Networks,primary_care,London,Permanent,full_time,open,2026-10-08,2026-09-21,17,False,weekly,v1,0.6.0,34a87b6a92c049129c3f03a687c8bad9,2026-09-30T12:47:52.852982+00:00
A2981-26-0018,Patient Access Centre Coordinator,unclassified,,,14.25,14.25,hour,£14.25 an hour,Tower Family Healthcare,other,North West,Fixed-Term,full_time,open,2026-10-02,2026-09-18,14,False,weekly,v1,0.6.0,34a87b6a92c049129c3f03a687c8bad9,2026-09-30T12:47:52.852982+00:00
C9292-26-0388,Diagnostic Radiographer,unclassified,,,32073.0,39043.0,year,"£32,073 to £39,043 a year",The Princess Alexandra Hospital NHS Trust,acute,East of England,Permanent,full_time,open,2026-10-05,2026-09-21,14,False,weekly,v1,0.6.0,34a87b6a92c049129c3f03a687c8bad9,2026-09-30T12:47:52.852982+00:00
C9180-26-1191,Chest or Musculoskeletal Reporting Radiographer,unclassified,,,49387.0,56515.0,year,"£49,387 to £56,515 a year",Cambridge University Hospital NHS Foundation Trust,acute,East of England,Fixed-Term,flexible,open,2026-09-24,2026-09-18,6,True,weekly,v1,0.6.0,de0b49ed9a0e4adcb9a8ac3741035c60,2026-09-23T11:48:36.401058+00:00
C9392-26-0218,RTT Patient Pathway Validator,unclassified,,,33262.0,36027.0,year,"£33,262 to £36,027 a year",Royal National Orthopaedic Hospital NHS Trust,acute,London,Permanent,full_time,open,2026-09-29,2026-09-22,7,False,weekly,v1,0.6.0,de0b49ed9a0e4adcb9a8ac3741035c60,2026-09-23T11:48:36.401058+00:00
C9389-26-0494,Advanced Practitioner Radiographer - CT,unclassified,,,49387.0,56515.0,year,"£49,387 to £56,515 a year",Bradford Teaching Hospitals NHS Foundation Trust,acute,North East and Yorkshire,Permanent,full_time,open,2026-10-05,2026-09-21,14,False,weekly,v1,0.6.0,de0b49ed9a0e4adcb9a8ac3741035c60,2026-09-23T11:48:36.401058+00:00
C9438-26-0508,Specialist Radiographer - Main X-Ray Department,unclassified,,,39959.0,48117.0,year,"£39,959 to £48,117 a year",Lancashire Teaching Hospitals NHS Foundation Trust,acute,North West,Permanent,flexible,open,2026-09-28,2026-09-17,11,False,weekly,v1,0.6.0,de0b49ed9a0e4adcb9a8ac3741035c60,2026-09-23T11:48:36.401058+00:00
C9470-26-0517,Radiology Booking Officer,unclassified,,,25760.0,27476.0,year,"£25,760 to £27,476 a year",Isle of Wight NHS Trust,acute,South East,Permanent,full_time,open,2026-09-23,2026-09-11,12,,weekly,v1,0.6.0,de0b49ed9a0e4adcb9a8ac3741035c60,2026-09-23T11:48:36.401058+00:00
C9275-26-0200,Specialist MRI Radiographer,unclassified,,,39959.0,48117.0,year,"£39,959 to £48,117 a year",Medway NHS Foundation Trust,acute,South East,Permanent,full_time,open,2026-10-07,2026-09-23,14,False,weekly,v1,0.6.0,34a87b6a92c049129c3f03a687c8bad9,2026-09-30T12:47:52.852982+00:00
C9409-26-0940,Lead Radiographer Reporting or Trainee (Annex 21),compass,,,49387.0,56515.0,year,"£49,387 to £56,515 a year",Mersey and West Lancashire Teaching Hospitals NHS Trust,acute,North West,Permanent,flexible,open,2026-10-01,2026-09-22,9,False,weekly,v1,0.6.0,34a87b6a92c049129c3f03a687c8bad9,2026-09-30T12:47:52.852982+00:00
C9262-26-1432,Apprentice Assistant Practitioner,unclassified,,,25760.0,31157.0,year,"£25,760 to £31,157 a year",North Cumbria Integrated Care NHS Foundation Trust,acute,North West,Fixed-Term,full_time,open,2026-09-28,2026-09-17,11,False,weekly,v1,0.6.0,de0b49ed9a0e4adcb9a8ac3741035c60,2026-09-23T11:48:36.401058+00:00
C9327-26-0790,Senior Emergency Practitioner,unclassified,,,49387.0,56515.0,year,"£49,387 to £56,515 a year",Gloucestershire Health and Care NHS Foundation Trust,acute,South West,Permanent,part_time,open,2026-10-05,2026-09-21,14,False,weekly,v1,0.6.0,34a87b6a92c049129c3f03a687c8bad9,2026-09-30T12:47:52.852982+00:00
C9361-26-0550,Chief Cardiac Physiologist - Cardiac Rhythm Management,unclassified,,,49387.0,56515.0,year,"£49,387 to £56,515 a year",East and North Hertfordshire Teaching NHS Trust,acute,East of England,Permanent,full_time,open,2026-09-30,2026-09-16,14,False,weekly,v1,0.6.0,de0b49ed9a0e4adcb9a8ac3741035c60,2026-09-23T11:48:36.401058+00:00
C8192-26-0510,Biomedical Scientist,unclassified,,,32073.0,39043.0,year,"£32,073 to £39,043 a year",Portsmouth Hospitals University NHS Trust,acute,South East,Permanent,full_time,open,2026-10-04,2026-09-21,13,False,weekly,v1,0.6.0,de0b49ed9a0e4adcb9a8ac3741035c60,2026-09-23T11:48:36.401058+00:00
E0066-CasualWhiston,Sonographer,unclassified,,,40.0,40.0,hour,£40 an hour,Diagnostic Healthcare Ltd,other,North West,Bank,flexible,open,2026-11-24,2026-08-24,,,(none),v1,0.6.0,de0b49ed9a0e4adcb9a8ac3741035c60,2026-09-23T11:48:36.401058+00:00
C9298-26-0977,Agile Research - Clinical Research Practitioner,compass,,,32073.0,39043.0,year,"£32,073 to £39,043 a year",Leeds Teaching Hospitals,acute,North East and Yorkshire,Permanent,full_time,open,2026-10-02,2026-09-18,14,False,weekly,v1,0.6.0,de0b49ed9a0e4adcb9a8ac3741035c60,2026-09-23T11:48:36.401058+00:00
C9317-26-0759,Research Secretary,unclassified,,,25760.0,27476.0,year,"£25,760 to £27,476 a year",The Newcastle upon Tyne Hospitals NHS Foundation Trust,acute,North East and Yorkshire,Fixed-Term,full_time,open,2026-09-28,2026-09-17,11,False,weekly,v1,0.6.0,de0b49ed9a0e4adcb9a8ac3741035c60,2026-09-23T11:48:36.401058+00:00
A3441-26-0006,Research Nurse,unclassified,,,39000.0,39000.0,year,"£39,000 a year",St Catherine's Surgery,primary_care,North West,Permanent,part_time,open,2026-10-12,2026-09-17,25,False,weekly,v1,0.6.0,34a87b6a92c049129c3f03a687c8bad9,2026-09-30T12:47:52.852982+00:00
C9317-26-0757,Research Secretary,unclassified,,,25760.0,27476.0,year,"£25,760 to £27,476 a year",The Newcastle upon Tyne Hospitals NHS Foundation Trust,acute,North East and Yorkshire,Fixed-Term,full_time,open,2026-09-28,2026-09-16,12,False,weekly,v1,0.6.0,de0b49ed9a0e4adcb9a8ac3741035c60,2026-09-23T11:48:36.401058+00:00
M0038-26-0890,Research Recruiter,unclassified,,,,,,Depends on experience,Primary Care Careers,other,East of England,Permanent,full_time,open,2026-10-05,2026-09-18,17,False,weekly,v1,0.6.0,34a87b6a92c049129c3f03a687c8bad9,2026-09-30T12:47:52.852982+00:00
C9361-26-0562,Research Nurse,unclassified,,,39959.0,48117.0,year,"£39,959 to £48,117 a year",East and North Hertfordshire Teaching NHS Trust,acute,East of England,Fixed-Term,full_time,open,2026-10-05,2026-09-21,14,False,weekly,v1,0.6.0,34a87b6a92c049129c3f03a687c8bad9,2026-09-30T12:47:52.852982+00:00
C9321-26-1657,Research Nurse,unclassified,,,39959.0,48117.0,year,"£39,959 to £48,117 a year",Oxford University Hospitals NHS Foundation Trust,acute,South East,Fixed-Term,full_time,open,2026-09-30,2026-09-16,14,False,weekly,v1,0.6.0,34a87b6a92c049129c3f03a687c8bad9,2026-09-30T12:47:52.852982+00:00
C9334-26-0887,Research Assistant,unclassified,,,38488.0,46852.0,year,"£38,488 to £46,852 a year",South London and Maudsley NHS Foundation Trust,acute,London,Fixed-Term,full_time,open,2026-09-28,2026-09-18,10,False,weekly,v1,0.6.0,de0b49ed9a0e4adcb9a8ac3741035c60,2026-09-23T11:48:36.401058+00:00
C9259-26-1647,Research Nurse,unclassified,,,47951.0,56863.0,year,"£47,951 to £56,863 a year",Barts Health NHS Trust,acute,London,Fixed-Term,full_time,open,2026-10-06,2026-09-22,14,False,weekly,v1,0.6.0,34a87b6a92c049129c3f03a687c8bad9,2026-09-30T12:47:52.852982+00:00
C9419-26-0793,Research Nurse or AHP for Commercial Research,unclassified,,,39959.0,48117.0,year,"£39,959 to £48,117 a year",York and Scarborough Teaching Hospitals NHS Foundation Trust,acute,North East and Yorkshire,Fixed-Term,full_time,open,2026-10-01,2026-09-17,14,False,weekly,v1,0.6.0,34a87b6a92c049129c3f03a687c8bad9,2026-09-30T12:47:52.852982+00:00
C9435-26-0537,Research Nurse-Acute and Chronic Conditions Research Team,unclassified,,,,,,Depends on experience,East Lancashire Hospitals NHS Trust,acute,North West,Permanent,full_time,open,2026-10-01,2026-09-22,9,False,weekly,v1,0.6.0,34a87b6a92c049129c3f03a687c8bad9,2026-09-30T12:47:52.852982+00:00
C9413-26-0714,Research Portfolio Manager,unclassified,,,39959.0,48117.0,year,"£39,959 to £48,117 a year",The Christie NHS FT,acute,North West,Fixed-Term,full_time,open,2026-10-02,2026-09-18,14,False,weekly,v1,0.6.0,34a87b6a92c049129c3f03a687c8bad9,2026-09-30T12:47:52.852982+00:00
C9437-26-0847,Ease Research Assistant,unclassified,,,28392.0,31157.0,year,"£28,392 to £31,157 a year",Greater Manchester Mental Health NHS Foundation Trust,mental_health,North West,Fixed-Term,full_time,open,2026-10-06,2026-09-22,14,False,weekly,v1,0.6.0,de0b49ed9a0e4adcb9a8ac3741035c60,2026-09-23T11:48:36.401058+00:00
M9990-26-0672,Head of Product,compass,,,94356.0,108814.0,year,"£94,356 to £108,814 a year",NHS England,arms_length_body,London,Permanent,flexible,open,2026-09-30,2026-09-16,14,False,weekly,v1,0.6.0,34a87b6a92c049129c3f03a687c8bad9,2026-09-30T12:47:52.852982+00:00
C9411-26-0211,Production Technician - Aseptic Services,unclassified,,,28392.0,31157.0,year,"£28,392 to £31,157 a year",Alder Hey Children's NHS Foundation Trust,acute,North West,Permanent,full_time,open,2026-10-01,2026-09-18,13,False,weekly,v1,0.6.0,34a87b6a92c049129c3f03a687c8bad9,2026-09-30T12:47:52.852982+00:00
C9205-26-1865,Pharmacy Production Officer (Overlabelling & Repackaging),unclassified,,,32073.0,39043.0,year,"£32,073 to £39,043 a year",University Hospital of North Midlands NHS Trust,acute,North West,Permanent,flexible,open,2026-09-23,2026-09-17,6,True,weekly,v1,0.6.0,de0b49ed9a0e4adcb9a8ac3741035c60,2026-09-23T11:48:36.401058+00:00
C9391-26-1632,Band 5 - Senior Production Technician,unclassified,,Band 5,38488.0,46852.0,year,"£38,488 to £46,852 a year",Royal Free London NHS Foundation Trust,acute,London,Permanent,full_time,open,2026-10-05,2026-09-21,14,False,weekly,v1,0.6.0,34a87b6a92c049129c3f03a687c8bad9,2026-09-30T12:47:52.852982+00:00
C9246-26-1059,Participation & Co-Production Co-ordinator,unclassified,,,28392.0,31157.0,year,"£28,392 to £31,157 a year",Norfolk & Suffolk Foundation NHS Trust,acute,East of England,Permanent,flexible,open,2026-10-01,2026-09-17,14,False,weekly,v1,0.6.0,34a87b6a92c049129c3f03a687c8bad9,2026-09-30T12:47:52.852982+00:00
C9220-26-0632,Senior Pharmacy Technician - Production Pharmacy,unclassified,,,38488.0,46852.0,year,"£38,488 to £46,852 a year",Whittington Hospital NHS Trust,acute,London,Permanent,full_time,open,2026-09-30,2026-09-17,13,False,weekly,v1,0.6.0,34a87b6a92c049129c3f03a687c8bad9,2026-09-30T12:47:52.852982+00:00
C9391-26-1605,Band 4 Rotational Technician - Pharmacy Production Services,unclassified,,Band 4,34186.0,37389.0,year,"£34,186 to £37,389 a year",Royal Free London NHS Foundation Trust,acute,London,Permanent,full_time,open,2026-10-16,2026-09-21,25,False,weekly,v1,0.6.0,34a87b6a92c049129c3f03a687c8bad9,2026-09-30T12:47:52.852982+00:00
K0015-ABRHP26-01,Chair - Advisory Board on the Registration of Homeopathic Products,unclassified,,,500.0,500.0,,£500 a session,Medicines and Healthcare Products Regulatory Agency,arms_length_body,London,Fixed-Term,flexible,open,2026-10-26,2026-09-22,34,False,weekly,v1,0.6.0,34a87b6a92c049129c3f03a687c8bad9,2026-09-30T12:47:52.852982+00:00
C9389-26-0484,Occupational Therapist - Rotational,unclassified,,,32073.0,39043.0,year,"£32,073 to £39,043 a year",Bradford Teaching Hospitals NHS Foundation Trust,acute,North East and Yorkshire,Permanent,flexible,open,2026-10-02,2026-09-18,14,False,weekly,v1,0.6.0,de0b49ed9a0e4adcb9a8ac3741035c60,2026-09-23T11:48:36.401058+00:00
C9267-26-1112,Patient Flow Coordinator - Abingdon Community Hospital,unclassified,,,28392.0,31157.0,year,"£28,392 to £31,157 a year",Oxford Health NHS Trust,acute,South East,Permanent,full_time,open,2026-10-05,2026-09-18,17,False,weekly,v1,0.6.0,34a87b6a92c049129c3f03a687c8bad9,2026-09-30T12:47:52.852982+00:00
C9391-26-1611,Rotational Band 5 Occupational Therapist,unclassified,,Band 5,36943.0,44900.0,year,"£36,943 to £44,900 a year",Royal Free London NHS Foundation Trust,acute,London,Permanent,full_time,open,2026-10-02,2026-09-17,15,False,weekly,v1,0.6.0,34a87b6a92c049129c3f03a687c8bad9,2026-09-30T12:47:52.852982+00:00
B0272-26-0004,Palliative Care Nurse,unclassified,,,,,,Depends on experience,City Hospice,other,,Permanent,full_time,open,2026-10-15,2026-09-17,28,False,weekly,v1,0.6.0,34a87b6a92c049129c3f03a687c8bad9,2026-09-30T12:47:52.852982+00:00
C9364-26-0906,FM Supervisor,unclassified,,,25760.0,27476.0,year,"£25,760 to £27,476 a year",Essex Partnership University NHS Foundation Trust,acute,East of England,Permanent,part_time,open,2026-10-01,2026-09-22,9,False,weekly,v1,0.6.0,de0b49ed9a0e4adcb9a8ac3741035c60,2026-09-23T11:48:36.401058+00:00
C9230-26-0293,Qualified Dental Nurse - Coventry & Warwickshire wide,unclassified,,,28392.0,31157.0,year,"£28,392 to £31,157 a year",George Eliot Hospital NHS Trust,acute,Midlands,Fixed-Term,flexible,open,2026-10-04,2026-09-16,18,False,weekly,v1,0.6.0,de0b49ed9a0e4adcb9a8ac3741035c60,2026-09-23T11:48:36.401058+00:00
C9363-26-1092,Safety Intervention Trainer,future,,,38488.0,46852.0,year,"£38,488 to £46,852 a year",East London NHS Foundation Trust,acute,London,Permanent,full_time,open,2026-10-01,2026-09-18,13,False,weekly,v1,0.6.0,34a87b6a92c049129c3f03a687c8bad9,2026-09-30T12:47:52.852982+00:00
C9309-26-0922,EHR Credentialed Trainer,bedside,,,38488.0,46852.0,year,"£38,488 to £46,852 a year",University College London Hospitals NHS Foundation Trust,acute,London,Fixed-Term,full_time,open,2026-10-01,2026-09-18,13,False,weekly,v1,0.6.0,34a87b6a92c049129c3f03a687c8bad9,2026-09-30T12:47:52.852982+00:00
C9156-26-0523,Fire Safety Advisor & Trainer,future,,,39959.0,48117.0,year,"£39,959 to £48,117 a year",Royal Cornwall Hospitals Trust,acute,South West,Fixed-Term,full_time,open,2026-10-05,2026-09-21,14,False,weekly,v1,0.6.0,de0b49ed9a0e4adcb9a8ac3741035c60,2026-09-23T11:48:36.401058+00:00
A5895-26-0010,Digital Navigator,unclassified,,,12.71,14.0,hour,£12.71 to £14 an hour,Lea Wharf Medical,other,East of England,Fixed-Term,full_time,open,2026-11-02,2026-09-28,35,False,weekly,v1,0.6.0,34a87b6a92c049129c3f03a687c8bad9,2026-09-30T12:47:52.852982+00:00
C9241-26-0352,Digital Midwife,bedside,,,49387.0,56515.0,year,"£49,387 to £56,515 a year",Bolton NHS Foundation Trust,acute,North West,Permanent,full_time,open,2026-10-08,2026-09-24,14,False,weekly,v1,0.6.0,34a87b6a92c049129c3f03a687c8bad9,2026-09-30T12:47:52.852982+00:00
C9292-26-0400,Digital Learning Partner,future,,,32073.0,39043.0,year,"£32,073 to £39,043 a year",The Princess Alexandra Hospital NHS Trust,acute,East of England,Permanent,full_time,open,2026-10-08,2026-09-24,14,False,weekly,v1,0.6.0,34a87b6a92c049129c3f03a687c8bad9,2026-09-30T12:47:52.852982+00:00
A1199-26-0024,Digital Transformation Lead,compass,,,53000.0,57000.0,year,"£53,000 to £57,000 a year",Hurley Group,other,London,Fixed-Term,part_time,open,2026-10-08,2026-09-24,14,False,weekly,v1,0.6.0,34a87b6a92c049129c3f03a687c8bad9,2026-09-30T12:47:52.852982+00:00
C8120-26-0090,Senior Digital Specialist,unclassified,,,32557.0,39631.0,year,"£32,557 to £39,631 a year",Velindre University NHS Trust,other,,Fixed-Term,full_time,open,2026-10-08,2026-09-24,14,False,weekly,v1,0.6.0,34a87b6a92c049129c3f03a687c8bad9,2026-09-30T12:47:52.852982+00:00
C9470-26-0541,Digital Training Officer,future,,,18928.0,20771.0,year,"£18,928 to £20,771 a year",Isle of Wight NHS Trust,acute,South East,Permanent,part_time,open,2026-10-04,2026-09-25,9,False,weekly,v1,0.6.0,34a87b6a92c049129c3f03a687c8bad9,2026-09-30T12:47:52.852982+00:00
C9234-26-0900,EPR Digital NMAHP,bedside,,,49387.0,56515.0,year,"£49,387 to £56,515 a year",Norfolk and Norwich University Hospital,acute,East of England,Fixed-Term,flexible,open,2026-10-12,2026-09-28,14,False,weekly,v1,0.6.0,34a87b6a92c049129c3f03a687c8bad9,2026-09-30T12:47:52.852982+00:00
C9384-26-0828,Digital Service Desk Analyst,foundation,,,29812.0,32715.0,year,"£29,812 to £32,715 a year",Royal Surrey NHS Foundation Trust,acute,South East,Permanent,full_time,open,2026-10-01,2026-09-25,6,True,weekly,v1,0.6.0,34a87b6a92c049129c3f03a687c8bad9,2026-09-30T12:47:52.852982+00:00
C8120-26-0092,Digital Project Support Manager,compass,,,40559.0,48841.0,year,"£40,559 to £48,841 a year",Velindre University NHS Trust,other,,Permanent,full_time,open,2026-10-12,2026-09-28,14,False,weekly,v1,0.6.0,34a87b6a92c049129c3f03a687c8bad9,2026-09-30T12:47:52.852982+00:00
C9301-26-1398,Digital Transformation Pharmacy Technician,compass,,,32073.0,39043.0,year,"£32,073 to £39,043 a year",Midlands Partnership NHS Foundation Trust,acute,North West,Permanent,full_time,open,2026-10-08,2026-09-25,13,False,weekly,v1,0.6.0,34a87b6a92c049129c3f03a687c8bad9,2026-09-30T12:47:52.852982+00:00
C9180-26-1231,Digital Patient Engagement Administrator,unclassified,,,28392.0,31157.0,year,"£28,392 to £31,157 a year",Cambridge University Hospital NHS Foundation Trust,acute,East of England,Permanent,flexible,open,2026-10-11,2026-09-28,13,False,weekly,v1,0.6.0,34a87b6a92c049129c3f03a687c8bad9,2026-09-30T12:47:52.852982+00:00
C9374-26-0865,Digital Clinical Safety Officer,bedside,,,57528.0,64750.0,year,"£57,528 to £64,750 a year",East Sussex Healthcare NHS Trust,acute,South East,Permanent,part_time,open,2026-10-08,2026-09-28,10,False,weekly,v1,0.6.0,34a87b6a92c049129c3f03a687c8bad9,2026-09-30T12:47:52.852982+00:00
C9120-26-0127,Digital Project Support Officer,compass,,,32557.0,39631.0,year,"£32,557 to £39,631 a year",Velindre Cancer Centre,other,,Fixed-Term,full_time,open,2026-10-12,2026-09-28,14,False,weekly,v1,0.6.0,34a87b6a92c049129c3f03a687c8bad9,2026-09-30T12:47:52.852982+00:00
A5392-26-0000,Primary Care Digital and Transformation Lead,compass,,,57528.0,64750.0,year,"£57,528 to £64,750 a year",Sphere Primary Care Network (PCN),primary_care,London,Permanent,full_time,open,2026-10-10,2026-09-20,20,False,weekly,v1,0.6.0,34a87b6a92c049129c3f03a687c8bad9,2026-09-30T12:47:52.852982+00:00
C9252-26-0176,Senior Clinical Coder,lifeblood,,,41957.0,50387.0,year,"£41,957 to £50,387 a year",Dartford and Gravesham NHS Trust,acute,London,Permanent,full_time,open,2026-10-08,2026-09-24,14,False,weekly,v1,0.6.0,34a87b6a92c049129c3f03a687c8bad9,2026-09-30T12:47:52.852982+00:00
C9435-26-0491,Senior Information Analyst,lifeblood,,,39959.0,48117.0,year,"£39,959 to £48,117 a year",East Lancashire Hospitals NHS Trust,acute,North West,Fixed-Term,full_time,open,2026-09-30,2026-09-24,6,True,weekly,v1,0.6.0,34a87b6a92c049129c3f03a687c8bad9,2026-09-30T12:47:52.852982+00:00
C9319-26-0892,Data & Digital Improvement Manager (Primary Care),unclassified,,,49387.0,56515.0,year,"£49,387 to £56,515 a year",Northumbria Healthcare NHS Foundation Trust,acute,North East and Yorkshire,Permanent,flexible,open,2026-10-08,2026-09-26,12,False,weekly,v1,0.6.0,34a87b6a92c049129c3f03a687c8bad9,2026-09-30T12:47:52.852982+00:00
E0374-26-0011,Senior Business Analyst,compass,,,67000.0,79000.0,year,"£67,000 to £79,000 a year",Liaison Group,other,Midlands,Permanent,flexible,open,2026-10-09,2026-09-25,14,False,weekly,v1,0.6.0,34a87b6a92c049129c3f03a687c8bad9,2026-09-30T12:47:52.852982+00:00
C9396-26-0410,MSK Reporting and rotational Radiographer,unclassified,,,55524.0,62652.0,year,"£55,524 to £62,652 a year",Kingston and Richmond NHS Foundation Trust,acute,London,Permanent,full_time,open,2026-10-13,2026-09-29,14,False,weekly,v1,0.6.0,34a87b6a92c049129c3f03a687c8bad9,2026-09-30T12:47:52.852982+00:00
C9358-26-0646,Data and Analytical Lead,unclassified,,,57528.0,64750.0,year,"£57,528 to £64,750 a year",University Hospitals of Leicester NHS Trust,acute,Midlands,Permanent,full_time,open,2026-10-12,2026-09-28,14,False,weekly,v1,0.6.0,34a87b6a92c049129c3f03a687c8bad9,2026-09-30T12:47:52.852982+00:00
C9188-26-0865,Advanced Critical Care Practitioner,unclassified,,,,,,Depends on experience,University Hospital Southampton NHS Trust,acute,South East,Permanent,flexible,open,2026-10-12,2026-09-29,13,False,weekly,v1,0.6.0,34a87b6a92c049129c3f03a687c8bad9,2026-09-30T12:47:52.852982+00:00
C9153-26-0825,Data Lead,lifeblood,,,32073.0,39043.0,year,"£32,073 to £39,043 a year",University Hospitals Dorset NHS Foundation Trust,acute,,Permanent,full_time,open,2026-10-08,2026-09-25,13,False,weekly,v1,0.6.0,34a87b6a92c049129c3f03a687c8bad9,2026-09-30T12:47:52.852982+00:00
C9409-26-0995,Apprentice Systems/RA Administrator,unclassified,,,25272.0,25272.0,year,"£25,272 a year",Mersey and West Lancashire Teaching Hospitals NHS Trust,acute,North West,Fixed-Term,full_time,open,2026-10-09,2026-09-30,9,False,weekly,v1,0.6.0,34a87b6a92c049129c3f03a687c8bad9,2026-09-30T12:47:52.852982+00:00
C9277-26-1015,Digital Transformation Senior Optimisation Co-ordinator,compass,,,55524.0,62652.0,year,"£55,524 to £62,652 a year",Oxleas NHS Foundation Trust,acute,London,Fixed-Term,full_time,open,2026-10-08,2026-09-30,8,False,weekly,v1,0.6.0,34a87b6a92c049129c3f03a687c8bad9,2026-09-30T12:47:52.852982+00:00
C9214-26-0841,End User Device Engineer,unclassified,,,32073.0,39043.0,year,"£32,073 to £39,043 a year",Sherwood Forest Hospitals NHS Foundation Trust,acute,Midlands,Permanent,full_time,open,2026-10-09,2026-09-25,14,False,weekly,v1,0.6.0,34a87b6a92c049129c3f03a687c8bad9,2026-09-30T12:47:52.852982+00:00
C9214-26-0857,Project Implementation and Training Officer,future,,,32073.0,39043.0,year,"£32,073 to £39,043 a year",Sherwood Forest Hospitals NHS Foundation Trust,acute,Midlands,Fixed-Term,full_time,open,2026-10-09,2026-09-29,10,False,weekly,v1,0.6.0,34a87b6a92c049129c3f03a687c8bad9,2026-09-30T12:47:52.852982+00:00
A0721-26-0008,PCN Data Quality Lead,lifeblood,,,,,,Depends on experience,The Bradford Moor Practice,other,North East and Yorkshire,Fixed-Term,part_time,open,2026-10-31,2026-09-29,32,False,weekly,v1,0.6.0,34a87b6a92c049129c3f03a687c8bad9,2026-09-30T12:47:52.852982+00:00
D9461-26-0019,SW Secure Data Environment Senior Data Engineer,lifeblood,,,57528.0,64750.0,year,"£57,528 to £64,750 a year","NHS Bristol, North Somerset and South Gloucestershire Integrated Care Board",icb,South West,Permanent,full_time,open,2026-10-25,2026-09-30,25,False,weekly,v1,0.6.0,34a87b6a92c049129c3f03a687c8bad9,2026-09-30T12:47:52.852982+00:00
C9839-26-0361,Deputy Chief Information Officer (Digital Services),compass,,,94356.0,108814.0,year,"£94,356 to £108,814 a year",East of England Community Health and Care NHS Trust,community,Midlands,Permanent,full_time,open,2026-10-21,2026-09-25,26,False,weekly,v1,0.6.0,34a87b6a92c049129c3f03a687c8bad9,2026-09-30T12:47:52.852982+00:00
C9351-26-1095,Clinical Systems Support Team Leader,bedside,foundation,,39959.0,48117.0,year,"£39,959 to £48,117 a year",Lancashire & South Cumbria NHS Foundation Trust,acute,North West,Permanent,full_time,open,2026-10-12,2026-09-28,14,False,weekly,v1,0.6.0,34a87b6a92c049129c3f03a687c8bad9,2026-09-30T12:47:52.852982+00:00
C9229-26-0844,IM&T Projects EPR & Clinical Systems Analyst,bedside,,,32073.0,39043.0,year,"£32,073 to £39,043 a year",Wye Valley NHS Trust,acute,Midlands,Fixed-Term,full_time,open,2026-10-11,2026-09-25,16,False,weekly,v1,0.6.0,34a87b6a92c049129c3f03a687c8bad9,2026-09-30T12:47:52.852982+00:00
C9351-26-1048,Systemic Family Practitioner/Systemic Therapist,unclassified,,,49387.0,56515.0,year,"£49,387 to £56,515 a year",Lancashire & South Cumbria NHS Foundation Trust,acute,North West,Permanent,part_time,open,2026-10-05,2026-09-25,10,False,weekly,v1,0.6.0,34a87b6a92c049129c3f03a687c8bad9,2026-09-30T12:47:52.852982+00:00
C9325-26-0756,Systemic Family Therapist,unclassified,,,51657.0,58785.0,year,"£51,657 to £58,785 a year",Surrey and Borders Partnership NHS Foundation Trust,acute,London,Fixed-Term,full_time,open,2026-10-20,2026-09-29,21,False,weekly,v1,0.6.0,34a87b6a92c049129c3f03a687c8bad9,2026-09-30T12:47:52.852982+00:00
H9050-26-2253,Family & Systemic Psychotherapist,unclassified,,,50129.0,65723.0,year,"£50,129 to £65,723 a year",Betsi Cadwaladr University Health Board,other,,Permanent,full_time,open,2026-10-13,2026-09-29,14,False,weekly,v1,0.6.0,34a87b6a92c049129c3f03a687c8bad9,2026-09-30T12:47:52.852982+00:00
C9287-26-1597,Software / Systems Developer,foundation,,,32073.0,39043.0,year,"£32,073 to £39,043 a year",Liverpool University Hospitals NHS Foundation Trust,acute,North West,Permanent,flexible,open,2026-10-09,2026-09-29,10,False,weekly,v1,0.6.0,34a87b6a92c049129c3f03a687c8bad9,2026-09-30T12:47:52.852982+00:00
M9301-26-0240,Southampton System Lead,unclassified,,,49387.0,56515.0,year,"£49,387 to £56,515 a year",Inclusion,other,South East,Permanent,full_time,open,2026-10-26,2026-09-29,27,False,weekly,v1,0.6.0,34a87b6a92c049129c3f03a687c8bad9,2026-09-30T12:47:52.852982+00:00
C9390-26-2252,Data Systems Administrator,foundation,,,28392.0,28392.0,year,"£28,392 a year",Mid and South Essex NHS Foundation Trust,acute,East of England,Permanent,full_time,open,2026-10-05,2026-09-29,6,True,weekly,v1,0.6.0,34a87b6a92c049129c3f03a687c8bad9,2026-09-30T12:47:52.852982+00:00
C9246-26-1087,Locality Workforce Systems Advisor,foundation,,,32073.0,39043.0,year,"£32,073 to £39,043 a year",Norfolk & Suffolk Foundation NHS Trust,acute,East of England,Permanent,full_time,open,2026-10-08,2026-09-24,14,False,weekly,v1,0.6.0,34a87b6a92c049129c3f03a687c8bad9,2026-09-30T12:47:52.852982+00:00
C9246-26-1097,Family and Systemic Psychotherapist,unclassified,,,57528.0,64750.0,year,"£57,528 to £64,750 a year",Norfolk & Suffolk Foundation NHS Trust,acute,East of England,Permanent,flexible,open,2026-10-13,2026-09-28,15,False,weekly,v1,0.6.0,34a87b6a92c049129c3f03a687c8bad9,2026-09-30T12:47:52.852982+00:00
H9040-26-0960,Business Systems Support Officer,foundation,,,26813.0,27890.0,year,"£26,813 to £27,890 a year",Aneurin Bevan University Health Board,other,,Permanent,full_time,open,2026-10-08,2026-09-25,13,False,weekly,v1,0.6.0,34a87b6a92c049129c3f03a687c8bad9,2026-09-30T12:47:52.852982+00:00
C9354-26-1150,Family and Systemic Psychotherapist,unclassified,,,49387.0,56515.0,year,"£49,387 to £56,515 a year",Sussex Partnership NHS Foundation Trust,acute,South East,Fixed-Term,full_time,open,2026-10-12,2026-09-29,13,False,weekly,v1,0.6.0,34a87b6a92c049129c3f03a687c8bad9,2026-09-30T12:47:52.852982+00:00
C9166-26-0327,Ideagen Healthcare Guardian System Manager,unclassified,,,,,,Depends on experience,Chesterfield Royal Hospital NHS Foundation Trust,acute,North East and Yorkshire,Permanent,full_time,open,2026-09-30,2026-09-17,13,False,weekly,v1,0.6.0,34a87b6a92c049129c3f03a687c8bad9,2026-09-30T12:47:52.852982+00:00
E0132-26-1915,Systemic Family Therapist - Part Time,unclassified,,,52000.0,52000.0,year,"£52,000 a year",Elysium Healthcare,other,,Permanent,full_time,open,2026-09-30,2026-08-28,,,(none),v1,0.6.0,34a87b6a92c049129c3f03a687c8bad9,2026-09-30T12:47:52.852982+00:00
C9348-26-2018,Highly Specialist Systemic Family Therapist,unclassified,,,57528.0,64750.0,year,"£57,528 to £64,750 a year",Hampshire and Isle of Wight Healthcare NHS Foundation Trust,acute,South East,Permanent,flexible,open,2026-10-04,2026-09-18,16,False,weekly,v1,0.6.0,34a87b6a92c049129c3f03a687c8bad9,2026-09-30T12:47:52.852982+00:00
C9413-26-0735,Systemic Anti-Cancer Therapy Scheduler,unclassified,,,25760.0,27476.0,year,"£25,760 to £27,476 a year",The Christie NHS FT,acute,North West,Permanent,part_time,open,2026-10-09,2026-09-25,14,False,weekly,v1,0.6.0,34a87b6a92c049129c3f03a687c8bad9,2026-09-30T12:47:52.852982+00:00
C9298-26-0987,Radiology Senior System Support Officer,unclassified,,,32073.0,39043.0,year,"£32,073 to £39,043 a year",Leeds Teaching Hospitals,acute,North East and Yorkshire,Permanent,full_time,open,2026-10-11,2026-09-20,21,False,weekly,v1,0.6.0,34a87b6a92c049129c3f03a687c8bad9,2026-09-30T12:47:52.852982+00:00
C9234-26-0901,EPR Change Agent,bedside,,,28392.0,31157.0,year,"£28,392 to £31,157 a year",Norfolk and Norwich University Hospital,acute,East of England,Fixed-Term,full_time,open,2026-10-12,2026-09-28,14,False,weekly,v1,0.6.0,34a87b6a92c049129c3f03a687c8bad9,2026-09-30T12:47:52.852982+00:00
C9358-26-0648,EPR Configuration Developer,bedside,,,39959.0,48117.0,year,"£39,959 to £48,117 a year",University Hospitals of Leicester NHS Trust,acute,Midlands,Permanent,full_time,open,2026-10-12,2026-09-28,14,False,weekly,v1,0.6.0,34a87b6a92c049129c3f03a687c8bad9,2026-09-30T12:47:52.852982+00:00
C9279-26-1070,EPR Data Engineering Manager,bedside,,,57528.0,64750.0,year,"£57,528 to £64,750 a year",University Hospitals Sussex NHS Foundation Trust (279),acute,South East,Permanent,full_time,open,2026-10-13,2026-09-29,14,False,weekly,v1,0.6.0,34a87b6a92c049129c3f03a687c8bad9,2026-09-30T12:47:52.852982+00:00
C9234-26-0892,LIMS and Pathology Services EPR Configuration Lead,bedside,,,49387.0,56515.0,year,"£49,387 to £56,515 a year",Norfolk and Norwich University Hospital,acute,East of England,Fixed-Term,flexible,open,2026-10-04,2026-09-24,10,False,weekly,v1,0.6.0,34a87b6a92c049129c3f03a687c8bad9,2026-09-30T12:47:52.852982+00:00
C9236-26-1078,Orthopaedic Trauma Admin Support,unclassified,,,25760.0,27476.0,year,"£25,760 to £27,476 a year",Northern Care Alliance NHS Foundation Trust,acute,North West,Permanent,full_time,open,2026-10-08,2026-09-24,14,False,weekly,v1,0.6.0,34a87b6a92c049129c3f03a687c8bad9,2026-09-30T12:47:52.852982+00:00
C9196-26-1149,Highly Specialist Physiotherapist,unclassified,,,58133.0,65261.0,year,"£58,133 to £65,261 a year",Guy's and St Thomas' NHS Foundation Trust,acute,London,Fixed-Term,part_time,open,2026-10-04,2026-09-30,4,True,weekly,v1,0.6.0,34a87b6a92c049129c3f03a687c8bad9,2026-09-30T12:47:52.852982+00:00
C9321-26-1757,Transplant Admin Assistant,unclassified,,,25760.0,27476.0,year,"£25,760 to £27,476 a year",Oxford University Hospitals NHS Foundation Trust,acute,South East,Permanent,full_time,open,2026-10-13,2026-09-30,13,False,weekly,v1,0.6.0,34a87b6a92c049129c3f03a687c8bad9,2026-09-30T12:47:52.852982+00:00
C9389-26-0514,Specialist Dental Nurse - 15 hpw,unclassified,,,32073.0,39043.0,year,"£32,073 to £39,043 a year",Bradford Teaching Hospitals NHS Foundation Trust,acute,North East and Yorkshire,Permanent,part_time,open,2026-10-08,2026-09-24,14,False,weekly,v1,0.6.0,34a87b6a92c049129c3f03a687c8bad9,2026-09-30T12:47:52.852982+00:00
C9153-26-0828,LAC Support Secretary,unclassified,,,25760.0,27476.0,year,"£25,760 to £27,476 a year",University Hospitals Dorset NHS Foundation Trust,acute,,Permanent,part_time,open,2026-10-14,2026-09-28,16,False,weekly,v1,0.6.0,34a87b6a92c049129c3f03a687c8bad9,2026-09-30T12:47:52.852982+00:00
C9370-ADM3UEC-1709,Data Validator,unclassified,,,24937.0,26598.0,year,"£24,937 to £26,598 a year",North Cheshire and Mersey NHS Foundation Trust (WHH),acute,North West,Permanent,full_time,open,2026-10-12,2026-09-30,12,False,weekly,v1,0.6.0,34a87b6a92c049129c3f03a687c8bad9,2026-09-30T12:47:52.852982+00:00
C9321-26-1710,Ward Clerk,unclassified,,,25760.0,27476.0,year,"£25,760 to £27,476 a year",Oxford University Hospitals NHS Foundation Trust,acute,South East,Fixed-Term,full_time,open,2026-10-08,2026-09-24,14,False,weekly,v1,0.6.0,34a87b6a92c049129c3f03a687c8bad9,2026-09-30T12:47:52.852982+00:00
C9158-26-0244,Ultrasonographer,unclassified,,,49387.0,56515.0,year,"£49,387 to £56,515 a year",The Clatterbridge Cancer Centre NHSFT,acute,North West,Permanent,flexible,open,2026-10-12,2026-09-28,14,False,weekly,v1,0.6.0,34a87b6a92c049129c3f03a687c8bad9,2026-09-30T12:47:52.852982+00:00
C9175-26-0280,Ward Clerk - CCA,unclassified,,,25272.0,25272.0,year,"£25,272 to £25,272 a year",Royal Papworth Hospital NHS Foundation Trust,acute,East of England,Permanent,full_time,open,2026-10-07,2026-09-25,12,False,weekly,v1,0.6.0,34a87b6a92c049129c3f03a687c8bad9,2026-09-30T12:47:52.852982+00:00
C9210-26-0444,Ward Clerk,unclassified,,,25272.0,25272.0,year,"£25,272 a year",Countess of Chester Hospital NHS Foundation Trust,acute,North West,Permanent,part_time,open,2026-10-07,2026-09-29,8,False,weekly,v1,0.6.0,34a87b6a92c049129c3f03a687c8bad9,2026-09-30T12:47:52.852982+00:00
C9337-26-0779,"Service Manager, Integrated Sexual & Reproductive Health",unclassified,,,55524.0,62652.0,year,"£55,524 to £62,652 a year",London North West University Healthcare NHS Trust,acute,London,Permanent,full_time,open,2026-10-05,2026-09-28,7,False,weekly,v1,0.6.0,34a87b6a92c049129c3f03a687c8bad9,2026-09-30T12:47:52.852982+00:00
C9278-26-0129,Information Governance Manager,lifeblood,,,39959.0,48117.0,year,"£39,959 to £48,117 a year",SECamb,other,,Permanent,flexible,open,2026-10-12,2026-09-28,14,False,weekly,v1,0.6.0,34a87b6a92c049129c3f03a687c8bad9,2026-09-30T12:47:52.852982+00:00
C9839-26-0359,Information Governance Partner,lifeblood,,,28392.0,31157.0,year,"£28,392 to £31,157 a year",East of England Community Health and Care NHS Trust,community,East of England,Permanent,flexible,open,2026-10-11,2026-09-24,17,False,weekly,v1,0.6.0,34a87b6a92c049129c3f03a687c8bad9,2026-09-30T12:47:52.852982+00:00
C9380-26-0788,Information Governance and Records Management Officer,lifeblood,,,25760.0,27476.0,year,"£25,760 to £27,476 a year",Kent and Medway Mental Health NHS Trust,mental_health,South East,Permanent,full_time,open,2026-10-13,2026-09-29,14,False,weekly,v1,0.6.0,34a87b6a92c049129c3f03a687c8bad9,2026-09-30T12:47:52.852982+00:00
B0466-26-0038,Governance Officer,unclassified,,,29842.0,32519.0,year,"£29,842 to £32,519 a year",Partnership of East London Co-operatives (PELC) Ltd,other,London,Permanent,full_time,open,2026-10-09,2026-09-25,14,False,weekly,v1,0.6.0,34a87b6a92c049129c3f03a687c8bad9,2026-09-30T12:47:52.852982+00:00
E0062-26-0108,Clinical Governance Manager,unclassified,,,55000.0,55000.0,year,"£55,000 a year",Partnering Health Ltd,other,South East,Permanent,full_time,open,2026-10-04,2026-09-24,10,False,weekly,v1,0.6.0,34a87b6a92c049129c3f03a687c8bad9,2026-09-30T12:47:52.852982+00:00
D9066-26-0003,Senior Governance Manager,unclassified,,,66582.0,77368.0,year,"£66,582 to £77,368 a year",NHS Staffordshire & Stoke On Trent Integrated Care Board,icb,North West,Fixed-Term,full_time,open,2026-10-01,2026-09-24,7,False,weekly,v1,0.6.0,34a87b6a92c049129c3f03a687c8bad9,2026-09-30T12:47:52.852982+00:00
A1797-26-0203,Governance - Team Administrator,unclassified,,,29000.0,29000.0,year,"£29,000 a year",Omnes Healthcare Limited,other,North West,Permanent,full_time,open,2026-10-28,2026-09-29,29,False,weekly,v1,0.6.0,34a87b6a92c049129c3f03a687c8bad9,2026-09-30T12:47:52.852982+00:00
C9253-26-0455,Community Governance Administrator,unclassified,,,25760.0,27476.0,year,"£25,760 to £27,476 a year",The Dudley Group NHS Foundation Trust,acute,Midlands,Fixed-Term,part_time,open,2026-10-07,2026-09-23,14,False,weekly,v1,0.6.0,34a87b6a92c049129c3f03a687c8bad9,2026-09-30T12:47:52.852982+00:00
C9247-26-0062,Corporate Governance Officer,unclassified,,,32073.0,39043.0,year,"£32,073 to £39,043 a year",East of England Ambulance Service,ambulance,East of England,Permanent,flexible,open,2026-10-14,2026-09-30,14,False,weekly,v1,0.6.0,34a87b6a92c049129c3f03a687c8bad9,2026-09-30T12:47:52.852982+00:00
C9365-26-0734,Information Initiatives Support Specialist,unclassified,,,57528.0,64750.0,year,"£57,528 to £64,750 a year",Worcestershire Acute Hospitals NHS Trust,acute,Midlands,Permanent,flexible,open,2026-10-02,2026-09-17,15,False,weekly,v1,0.6.0,34a87b6a92c049129c3f03a687c8bad9,2026-09-30T12:47:52.852982+00:00
C9337-26-0773,Information and Facilities Officer,unclassified,,,30630.0,32346.0,year,"£30,630 to £32,346 a year",London North West University Healthcare NHS Trust,acute,London,Permanent,full_time,open,2026-10-09,2026-09-25,14,False,weekly,v1,0.6.0,34a87b6a92c049129c3f03a687c8bad9,2026-09-30T12:47:52.852982+00:00
C9389-26-0506,Data Analyst till 31.03.28,lifeblood,,,32073.0,39043.0,year,"£32,073 to £39,043 a year",Bradford Teaching Hospitals NHS Foundation Trust,acute,North East and Yorkshire,Fixed-Term,full_time,open,2026-10-15,2026-09-24,21,False,weekly,v1,0.6.0,34a87b6a92c049129c3f03a687c8bad9,2026-09-30T12:47:52.852982+00:00
C9321-26-1714,Pharmacy Data Analyst – Medicines Value,lifeblood,,,32073.0,39043.0,year,"£32,073 to £39,043 a year",Oxford University Hospitals NHS Foundation Trust,acute,South East,Permanent,flexible,open,2026-10-08,2026-09-24,14,False,weekly,v1,0.6.0,34a87b6a92c049129c3f03a687c8bad9,2026-09-30T12:47:52.852982+00:00
C9287-26-1576,Configuration Analyst,unclassified,,,32073.0,39043.0,year,"£32,073 to £39,043 a year",Liverpool University Hospitals NHS Foundation Trust,acute,North West,Secondment,flexible,open,2026-10-08,2026-09-24,14,False,weekly,v1,0.6.0,34a87b6a92c049129c3f03a687c8bad9,2026-09-30T12:47:52.852982+00:00
E0452-26-0002,Behaviour Analyst,unclassified,,,35000.0,42000.0,year,"£35,000 to £42,000 a year",Positive Support Group Limited,other,London,Permanent,full_time,open,2026-10-20,2026-09-28,22,False,weekly,v1,0.6.0,34a87b6a92c049129c3f03a687c8bad9,2026-09-30T12:47:52.852982+00:00
C9290-26-1129,Test Analyst,foundation,,,38488.0,46852.0,year,"£38,488 to £46,852 a year",Imperial College Healthcare NHS Trust,acute,London,Permanent,full_time,open,2026-10-06,2026-09-29,7,False,weekly,v1,0.6.0,34a87b6a92c049129c3f03a687c8bad9,2026-09-30T12:47:52.852982+00:00
M0048-26-0483,Portfolio Analyst,unclassified,,,49387.0,56515.0,year,"£49,387 to £56,515 a year",NHS Blood and Transplant,arms_length_body,South West,Fixed-Term,full_time,open,2026-10-11,2026-09-30,11,False,weekly,v1,0.6.0,34a87b6a92c049129c3f03a687c8bad9,2026-09-30T12:47:52.852982+00:00
L0014-26-1794,Commercial Analyst,unclassified,,,45000.0,50000.0,year,"£45,000 to £50,000 a year",Agincare,other,South West,Permanent,full_time,open,2026-10-04,2026-09-24,10,False,weekly,v1,0.6.0,34a87b6a92c049129c3f03a687c8bad9,2026-09-30T12:47:52.852982+00:00
C9457-26-0301,Performance Analyst,lifeblood,,,32073.0,39043.0,year,"£32,073 to £39,043 a year",Sheffield Health Partnership University NHS Foundation Trust,acute,North East and Yorkshire,Permanent,flexible,open,2026-10-11,2026-09-30,11,False,weekly,v1,0.6.0,34a87b6a92c049129c3f03a687c8bad9,2026-09-30T12:47:52.852982+00:00
A3637-26-0011,Data Assistant,unclassified,,,12.71,12.71,hour,£12.71 an hour,Craneswater Group Practice,primary_care,South East,Permanent,flexible,open,2026-10-16,2026-09-25,21,False,weekly,v1,0.6.0,34a87b6a92c049129c3f03a687c8bad9,2026-09-30T12:47:52.852982+00:00
A3656-26-0002,Data Administrator,lifeblood,,,13.18,13.18,hour,£13.18 an hour,Ayton & Snainton Medical Practice,primary_care,North East and Yorkshire,Permanent,part_time,open,2026-10-11,2026-09-25,16,False,weekly,v1,0.6.0,34a87b6a92c049129c3f03a687c8bad9,2026-09-30T12:47:52.852982+00:00
C9292-26-0402,Senior Finance Analyst,unclassified,,,49387.0,56515.0,year,"£49,387 to £56,515 a year",The Princess Alexandra Hospital NHS Trust,acute,East of England,Permanent,flexible,open,2026-10-09,2026-09-25,14,False,weekly,v1,0.6.0,34a87b6a92c049129c3f03a687c8bad9,2026-09-30T12:47:52.852982+00:00
H9001-26-0863,Principal Analyst Programmer,foundation,,,50129.0,57365.0,year,"£50,129 to £57,365 a year",Cardiff and Vale University Health Board,other,,Fixed-Term,full_time,open,2026-10-08,2026-09-25,13,False,weekly,v1,0.6.0,34a87b6a92c049129c3f03a687c8bad9,2026-09-30T12:47:52.852982+00:00
M9990-26-0698,Cyber Security Analyst,foundation,,,59264.4,67818.0,year,"£59,264.40 to £67,818 a year",NHS England,arms_length_body,North East and Yorkshire,Permanent,flexible,open,2026-10-07,2026-09-23,14,False,weekly,v1,0.6.0,34a87b6a92c049129c3f03a687c8bad9,2026-09-30T12:47:52.852982+00:00
C9213-26-0852,Senior Analyst - HIM,unclassified,,,58133.0,65261.0,year,"£58,133 to £65,261 a year",King's College Hospital NHS Foundation Trust,acute,London,Permanent,full_time,open,2026-10-12,2026-09-28,14,False,weekly,v1,0.6.0,34a87b6a92c049129c3f03a687c8bad9,2026-09-30T12:47:52.852982+00:00
H9040-26-0959,Senior Cyber Security Analyst,foundation,,,40559.0,48841.0,year,"£40,559 to £48,841 a year",Aneurin Bevan University Health Board,other,,Permanent,full_time,open,2026-10-11,2026-09-25,16,False,weekly,v1,0.6.0,34a87b6a92c049129c3f03a687c8bad9,2026-09-30T12:47:52.852982+00:00
M9990-26-0718,Cyber Security Advisor,foundation,,,59264.4,67818.0,year,"£59,264.40 to £67,818 a year",NHS England,arms_length_body,North East and Yorkshire,Permanent,flexible,open,2026-10-12,2026-09-28,14,False,weekly,v1,0.6.0,34a87b6a92c049129c3f03a687c8bad9,2026-09-30T12:47:52.852982+00:00
M9990-26-0712,Trainee Cyber Security Analyst (Security Trainee),foundation,,,32073.0,39043.0,year,"£32,073 to £39,043 a year",NHS England,arms_length_body,North East and Yorkshire,Permanent,flexible,open,2026-10-11,2026-09-25,16,False,weekly,v1,0.6.0,34a87b6a92c049129c3f03a687c8bad9,2026-09-30T12:47:52.852982+00:00
C9455-26-0669,Security Manager,unclassified,,,58133.0,65261.0,year,"£58,133 to £65,261 a year",North London NHS Foundation Trust,acute,London,Permanent,full_time,open,2026-10-05,2026-09-24,11,False,weekly,v1,0.6.0,34a87b6a92c049129c3f03a687c8bad9,2026-09-30T12:47:52.852982+00:00
C9377-26-0428,Security Officer,unclassified,,,25760.0,27476.0,year,"£25,760 to £27,476 a year",The Mid Yorkshire Teaching NHS Trust,acute,North East and Yorkshire,Permanent,full_time,open,2026-10-14,2026-09-29,15,False,weekly,v1,0.6.0,34a87b6a92c049129c3f03a687c8bad9,2026-09-30T12:47:52.852982+00:00
C9348-26-2090,Secure Services Receptionist,unclassified,,,25760.0,27476.0,year,"£25,760 to £27,476 a year",Hampshire and Isle of Wight Healthcare NHS Foundation Trust,acute,South East,Permanent,part_time,open,2026-10-11,2026-09-28,13,False,weekly,v1,0.6.0,34a87b6a92c049129c3f03a687c8bad9,2026-09-30T12:47:52.852982+00:00
E0514-26-0002,Secure Transport Assistant,unclassified,,,26773.38,26773.38,year,"£26,773.38 a year",Nerams Limited,other,North East and Yorkshire,Permanent,full_time,open,2026-10-12,2026-09-24,18,False,weekly,v1,0.6.0,34a87b6a92c049129c3f03a687c8bad9,2026-09-30T12:47:52.852982+00:00
C9247-26-0059,IM&T Security Officer,foundation,,,49387.0,56515.0,year,"£49,387 to £56,515 a year",East of England Ambulance Service,ambulance,East of England,Permanent,full_time,open,2026-10-12,2026-09-28,14,False,weekly,v1,0.6.0,34a87b6a92c049129c3f03a687c8bad9,2026-09-30T12:47:52.852982+00:00
C0020-26-1475,Band 5 Security Advisor,unclassified,,Band 5,32073.0,39043.0,year,"£32,073 to £39,043 a year",University Hospitals Birmingham NHS Foundation Trust,acute,Midlands,Permanent,flexible,open,2026-10-11,2026-09-28,13,False,weekly,v1,0.6.0,34a87b6a92c049129c3f03a687c8bad9,2026-09-30T12:47:52.852982+00:00
C9176-26-0553,"Non-Exec Director Digital, Data, Cyber & Technology Transformation",compass,foundation,,,,,Depends on experience,North West Anglia NHS Foundation Trust,acute,Midlands,Fixed-Term,part_time,open,2026-10-13,2026-09-29,14,False,weekly,v1,0.6.0,34a87b6a92c049129c3f03a687c8bad9,2026-09-30T12:47:52.852982+00:00
C9232-26-0256,Fire Safety and Security Officer,unclassified,,,39959.0,48117.0,year,"£39,959 to £48,117 a year",North Staffordshire Combined Healthcare Trust,other,North West,Permanent,full_time,open,2026-10-12,2026-09-24,18,False,weekly,v1,0.6.0,34a87b6a92c049129c3f03a687c8bad9,2026-09-30T12:47:52.852982+00:00
C0023-26-1159,Health Care Security Operations Officer,unclassified,,,25760.0,27476.0,year,"£25,760 to £27,476 a year",Royal Devon University Healthcare NHS Foundation Trust,acute,South West,Permanent,full_time,open,2026-10-08,2026-09-24,14,False,weekly,v1,0.6.0,34a87b6a92c049129c3f03a687c8bad9,2026-09-30T12:47:52.852982+00:00
H9130-26-0300,Consultant Psychologist Hillside Secure Children's Home,unclassified,,,67583.0,92984.0,year,"£67,583 to £92,984 a year",Swansea Bay University Health Board,other,,Secondment,flexible,open,2026-10-08,2026-09-24,14,False,weekly,v1,0.6.0,34a87b6a92c049129c3f03a687c8bad9,2026-09-30T12:47:52.852982+00:00
K9919-26-0291,Senior Technical Officer – Global Health Security,unclassified,,,46310.0,52113.0,year,"£46,310 to £52,113 a year",UK Health Security Agency,arms_length_body,London,Permanent,flexible,open,2026-10-08,2026-09-24,14,False,weekly,v1,0.6.0,34a87b6a92c049129c3f03a687c8bad9,2026-09-30T12:47:52.852982+00:00
M0048-26-0479,Senior Data Engineer,lifeblood,,,49387.0,56515.0,year,"£49,387 to £56,515 a year",NHS Blood and Transplant,arms_length_body,North East and Yorkshire,Permanent,full_time,open,2026-10-06,2026-09-24,12,False,weekly,v1,0.6.0,34a87b6a92c049129c3f03a687c8bad9,2026-09-30T12:47:52.852982+00:00
E0058-28864a,Bank Engineer,unclassified,,,,,,Depends on experience,Spire Healthcare Ltd,other,London,Bank,flexible,open,2026-10-26,2026-09-29,27,False,weekly,v1,0.6.0,34a87b6a92c049129c3f03a687c8bad9,2026-09-30T12:47:52.852982+00:00
C9213-26-0862,Medical Engineering Technician,unclassified,,,34186.0,37389.0,year,"£34,186 to £37,389 a year",King's College Hospital NHS Foundation Trust,acute,London,Permanent,full_time,open,2026-10-14,2026-09-30,14,False,weekly,v1,0.6.0,34a87b6a92c049129c3f03a687c8bad9,2026-09-30T12:47:52.852982+00:00
C9362-26-0714,DTS Network Engineer,foundation,,,39959.0,48117.0,year,"£39,959 to £48,117 a year",Stockport NHS Foundation Trust,acute,North West,Permanent,full_time,open,2026-10-18,2026-09-30,18,False,weekly,v1,0.6.0,34a87b6a92c049129c3f03a687c8bad9,2026-09-30T12:47:52.852982+00:00
C9180-26-1220,Assistant Mechanical Engineer,unclassified,,,39959.0,48117.0,year,"£39,959 to £48,117 a year",Cambridge University Hospital NHS Foundation Trust,acute,East of England,Permanent,flexible,open,2026-10-08,2026-09-25,13,False,weekly,v1,0.6.0,34a87b6a92c049129c3f03a687c8bad9,2026-09-30T12:47:52.852982+00:00
E0058-26514a,Hospital Engineering Manager,unclassified,,,,,,Depends on experience,Spire Healthcare Ltd,other,Midlands,Permanent,full_time,open,2026-10-23,2026-09-30,23,False,weekly,v1,0.6.0,34a87b6a92c049129c3f03a687c8bad9,2026-09-30T12:47:52.852982+00:00
C9205-26-1852,Engineering Maintenance Assistant,unclassified,,,25272.0,25272.0,year,"£25,272 a year",University Hospital of North Midlands NHS Trust,acute,North West,Permanent,full_time,open,2026-10-09,2026-09-14,25,False,weekly,v1,0.6.0,34a87b6a92c049129c3f03a687c8bad9,2026-09-30T12:47:52.852982+00:00
C9298-26-0991,Electrical Shift Engineer,unclassified,,,32073.0,39043.0,year,"£32,073 to £39,043 a year",Leeds Teaching Hospitals,acute,North East and Yorkshire,Permanent,full_time,open,2026-10-09,2026-09-21,18,False,weekly,v1,0.6.0,34a87b6a92c049129c3f03a687c8bad9,2026-09-30T12:47:52.852982+00:00
E0505-26-0580,Performance and Intelligence Lead,lifeblood,,,45000.0,50000.0,year,"£45,000 to £50,000 a year",Practice Plus Group - Health in Justice,other,South East,Permanent,full_time,open,2026-10-12,2026-09-28,14,False,weekly,v1,0.6.0,34a87b6a92c049129c3f03a687c8bad9,2026-09-30T12:47:52.852982+00:00
E0505-26-0571,Performance and Intelligence Lead,lifeblood,,,45000.0,50000.0,year,"£45,000 to £50,000 a year",Practice Plus Group - Health in Justice,other,South East,Permanent,full_time,open,2026-10-12,2026-09-28,14,False,weekly,v1,0.6.0,34a87b6a92c049129c3f03a687c8bad9,2026-09-30T12:47:52.852982+00:00
E0505-26-0593,Performance and Intelligence Lead,lifeblood,,,45000.0,50000.0,year,"£45,000 to £50,000 a year",Practice Plus Group - Health in Justice,other,South East,Permanent,full_time,open,2026-10-12,2026-09-28,14,False,weekly,v1,0.6.0,34a87b6a92c049129c3f03a687c8bad9,2026-09-30T12:47:52.852982+00:00
C9301-26-1393,Business Support Assistant,unclassified,,,25760.0,27476.0,year,"£25,760 to £27,476 a year",Midlands Partnership NHS Foundation Trust,acute,North West,Permanent,full_time,open,2026-10-13,2026-09-23,20,False,weekly,v1,0.6.0,34a87b6a92c049129c3f03a687c8bad9,2026-09-30T12:47:52.852982+00:00
E0279-26-2672,Finance Business Partner,unclassified,,,45000.0,50000.0,year,"£45,000 to £50,000 a year",HCRG Care Group,other,North West,Permanent,full_time,open,2026-10-12,2026-09-28,14,False,weekly,v1,0.6.0,34a87b6a92c049129c3f03a687c8bad9,2026-09-30T12:47:52.852982+00:00
C9358-26-0645,Finance Business Partner,unclassified,,,57528.0,64750.0,year,"£57,528 to £64,750 a year",University Hospitals of Leicester NHS Trust,acute,Midlands,Permanent,full_time,open,2026-10-12,2026-09-28,14,False,weekly,v1,0.6.0,34a87b6a92c049129c3f03a687c8bad9,2026-09-30T12:47:52.852982+00:00
E0279-26-2649,Finance Business Partner,unclassified,,,45000.0,50000.0,year,"£45,000 to £50,000 a year",HCRG Care Group,other,North West,Permanent,full_time,open,2026-10-12,2026-09-28,14,False,weekly,v1,0.6.0,34a87b6a92c049129c3f03a687c8bad9,2026-09-30T12:47:52.852982+00:00
D9134-26-0072,Business Support Administrator,unclassified,,,28392.0,31157.0,year,"£28,392 to £31,157 a year",North East & North Cumbria ICB,icb,North East and Yorkshire,Fixed-Term,flexible,open,2026-10-07,2026-09-23,14,False,weekly,v1,0.6.0,34a87b6a92c049129c3f03a687c8bad9,2026-09-30T12:47:52.852982+00:00
D9134-26-0073,Business Support Administrator,unclassified,,,28392.0,31157.0,year,"£28,392 to £31,157 a year",North East & North Cumbria ICB,icb,North East and Yorkshire,Permanent,flexible,open,2026-10-08,2026-09-24,14,False,weekly,v1,0.6.0,34a87b6a92c049129c3f03a687c8bad9,2026-09-30T12:47:52.852982+00:00
C9156-26-0524,Business Continuity Manager,unclassified,,,57528.0,64750.0,year,"£57,528 to £64,750 a year",Royal Cornwall Hospitals Trust,acute,South West,Permanent,part_time,open,2026-10-11,2026-09-21,20,False,weekly,v1,0.6.0,34a87b6a92c049129c3f03a687c8bad9,2026-09-30T12:47:52.852982+00:00
C9325-26-0698,Finance Business Partner,unclassified,,,59798.0,67020.0,year,"£59,798 to £67,020 a year",Surrey and Borders Partnership NHS Foundation Trust,acute,London,Permanent,full_time,open,2026-10-02,2026-09-18,14,False,weekly,v1,0.6.0,34a87b6a92c049129c3f03a687c8bad9,2026-09-30T12:47:52.852982+00:00
E0279-26-2671,Finance Business Partner,unclassified,,,45000.0,50000.0,year,"£45,000 to £50,000 a year",HCRG Care Group,other,North West,Permanent,full_time,open,2026-10-12,2026-09-28,14,False,weekly,v1,0.6.0,34a87b6a92c049129c3f03a687c8bad9,2026-09-30T12:47:52.852982+00:00
E0279-26-2670,Finance Business Partner,unclassified,,,45000.0,50000.0,year,"£45,000 to £50,000 a year",HCRG Care Group,other,North West,Permanent,full_time,open,2026-10-12,2026-09-28,14,False,weekly,v1,0.6.0,34a87b6a92c049129c3f03a687c8bad9,2026-09-30T12:47:52.852982+00:00
A3276-26-0001,Practice Business Manager,unclassified,,,,,,Depends on experience,Junction Surgery,primary_care,North East and Yorkshire,Permanent,flexible,open,2026-10-01,2026-08-27,35,False,weekly,v1,0.6.0,34a87b6a92c049129c3f03a687c8bad9,2026-09-30T12:47:52.852982+00:00
E0279-26-2651,Finance Business Partner,unclassified,,,45000.0,50000.0,year,"£45,000 to £50,000 a year",HCRG Care Group,other,North West,Permanent,full_time,open,2026-10-12,2026-09-28,14,False,weekly,v1,0.6.0,34a87b6a92c049129c3f03a687c8bad9,2026-09-30T12:47:52.852982+00:00
H9070-26-0470,Business Support Manager,unclassified,,,32557.0,39631.0,year,"£32,557 to £39,631 a year",Powys Teaching Health Board,other,,Permanent,full_time,open,2026-10-11,2026-09-29,12,False,weekly,v1,0.6.0,34a87b6a92c049129c3f03a687c8bad9,2026-09-30T12:47:52.852982+00:00
C9389-26-0524,Human Resources Business Partner,unclassified,,,57528.0,64750.0,year,"£57,528 to £64,750 a year",Bradford Teaching Hospitals NHS Foundation Trust,acute,North East and Yorkshire,Permanent,full_time,open,2026-10-12,2026-09-28,14,False,weekly,v1,0.6.0,34a87b6a92c049129c3f03a687c8bad9,2026-09-30T12:47:52.852982+00:00
C9349-26-2879,Deputy Finance Business Partner,unclassified,,,39959.0,56515.0,year,"£39,959 to £56,515 a year",Manchester University NHS Foundation Trust,acute,North West,Permanent,full_time,open,2026-10-06,2026-09-29,7,False,weekly,v1,0.6.0,34a87b6a92c049129c3f03a687c8bad9,2026-09-30T12:47:52.852982+00:00
C9346-26-1121,Principal Finance Business Partner,unclassified,,,66582.0,77368.0,year,"£66,582 to £77,368 a year",Tees Esk and Wear Valleys NHS Foundation Trust,acute,North East and Yorkshire,Permanent,full_time,open,2026-09-30,2026-09-16,14,False,weekly,v1,0.6.0,34a87b6a92c049129c3f03a687c8bad9,2026-09-30T12:47:52.852982+00:00
E0132-26-2148,Category Manager - Business Services,unclassified,,,60000.0,60000.0,year,"£60,000 a year",Elysium Healthcare,other,London,Permanent,full_time,open,2026-10-23,2026-09-24,29,False,weekly,v1,0.6.0,34a87b6a92c049129c3f03a687c8bad9,2026-09-30T12:47:52.852982+00:00
A1797-26-0208,"IT Support Analyst, Office Based",foundation,,,28000.0,28000.0,year,"£28,000 a year",Omnes Healthcare Limited,other,North West,Permanent,full_time,open,2026-10-29,2026-09-29,30,False,weekly,v1,0.6.0,34a87b6a92c049129c3f03a687c8bad9,2026-09-30T12:47:52.852982+00:00
C9371-26-0766,IT Technical Architect,foundation,,,57528.0,64750.0,year,"£57,528 to £64,750 a year",Berkshire Healthcare Foundation Trust,acute,South East,Permanent,full_time,open,2026-10-12,2026-09-28,14,False,weekly,v1,0.6.0,34a87b6a92c049129c3f03a687c8bad9,2026-09-30T12:47:52.852982+00:00
A3389-26-0011,IT & Premises Lead,unclassified,,,27375.0,29330.0,year,"£27,375 to £29,330 a year",Woodcote Medical,other,London,Permanent,full_time,open,2026-10-04,2026-09-24,10,False,weekly,v1,0.6.0,34a87b6a92c049129c3f03a687c8bad9,2026-09-30T12:47:52.852982+00:00
C9317-26-0796,IT Incident & Problem Manager,unclassified,,,39959.0,48117.0,year,"£39,959 to £48,117 a year",The Newcastle upon Tyne Hospitals NHS Foundation Trust,acute,North East and Yorkshire,Permanent,full_time,open,2026-10-04,2026-09-28,6,True,weekly,v1,0.6.0,34a87b6a92c049129c3f03a687c8bad9,2026-09-30T12:47:52.852982+00:00
K9919-26-0292,IT Service Transition Lead,foundation,,,56185.0,70566.0,year,"£56,185 to £70,566 a year",UK Health Security Agency,arms_length_body,London,Permanent,flexible,open,2026-10-11,2026-09-25,16,False,weekly,v1,0.6.0,34a87b6a92c049129c3f03a687c8bad9,2026-09-30T12:47:52.852982+00:00
E0233-26-2023,Support Worker,unclassified,,,23670.0,23670.0,year,"£23,670 to £23,670 a year",Cygnet Health Care,other,North East and Yorkshire,Permanent,full_time,open,2026-10-24,2026-09-25,29,False,weekly,v1,0.6.0,34a87b6a92c049129c3f03a687c8bad9,2026-09-30T12:47:52.852982+00:00
E0233-26-2070,Support Worker,unclassified,,,23670.0,23670.0,year,"£23,670 to £23,670 a year",Cygnet Health Care,other,North East and Yorkshire,Permanent,full_time,open,2026-10-29,2026-09-29,30,False,weekly,v1,0.6.0,34a87b6a92c049129c3f03a687c8bad9,2026-09-30T12:47:52.852982+00:00
E0233-26-1851,Support Worker,unclassified,,,13.45,14.0,hour,£13.45 to £14 an hour,Cygnet Health Care,other,,Permanent,full_time,open,2026-10-02,2026-09-02,30,False,weekly,v1,0.6.0,34a87b6a92c049129c3f03a687c8bad9,2026-09-30T12:47:52.852982+00:00
L0014-26-1605,Support Worker,unclassified,,,12.9,12.9,hour,£12.90 an hour,Agincare,other,Midlands,Permanent,full_time,open,2026-10-03,2026-09-04,29,False,weekly,v1,0.6.0,34a87b6a92c049129c3f03a687c8bad9,2026-09-30T12:47:52.852982+00:00
A4449-26-0000,Primary Care Network Paramedic,unclassified,,,49387.0,56515.0,year,"£49,387 to £56,515 a year",Waterfield House Surgery,primary_care,South East,Permanent,flexible,open,2026-10-18,2026-09-28,20,False,weekly,v1,0.6.0,34a87b6a92c049129c3f03a687c8bad9,2026-09-30T12:47:52.852982+00:00
C9380-26-0762,ICT Technical Specialist - Networking Technologies,foundation,,,49387.0,56515.0,year,"£49,387 to £56,515 a year",Kent and Medway Mental Health NHS Trust,mental_health,South East,Permanent,full_time,open,2026-10-02,2026-09-18,14,False,weekly,v1,0.6.0,34a87b6a92c049129c3f03a687c8bad9,2026-09-30T12:47:52.852982+00:00
A0568-26-0002,Primary Care Network Business Manager,unclassified,,,,,,Depends on experience,The White House Surgery,primary_care,South West,Permanent,flexible,open,2026-09-30,2026-09-08,22,False,weekly,v1,0.6.0,34a87b6a92c049129c3f03a687c8bad9,2026-09-30T12:47:52.852982+00:00
E0306-26-0038,Primary Care Network Frailty Practitioner,unclassified,,,39500.0,39500.0,year,"£39,500 a year",Kernow Health CIC,other,South West,Permanent,full_time,open,2026-10-07,2026-09-24,13,False,weekly,v1,0.6.0,34a87b6a92c049129c3f03a687c8bad9,2026-09-30T12:47:52.852982+00:00
A1199-26-0023,Network Manager (Maternity Leave Cover),unclassified,,,53000.0,57000.0,year,"£53,000 to £57,000 a year",Hurley Group,other,London,Fixed-Term,part_time,open,2026-10-08,2026-09-24,14,False,weekly,v1,0.6.0,34a87b6a92c049129c3f03a687c8bad9,2026-09-30T12:47:52.852982+00:00
C9310-26-0616,Podiatrist Development Role,unclassified,,,32073.0,48117.0,year,"£32,073 to £48,117 a year",Cambridgeshire and Peterborough NHS Foundation Trust,acute,Midlands,Permanent,flexible,open,2026-10-07,2026-09-23,14,False,weekly,v1,0.6.0,34a87b6a92c049129c3f03a687c8bad9,2026-09-30T12:47:52.852982+00:00
C9356-26-0638,Practice Development Midwife,unclassified,,,49387.0,56515.0,year,"£49,387 to £56,515 a year",Hull University Teaching Hospitals NHS Trust,acute,North East and Yorkshire,Permanent,full_time,open,2026-10-12,2026-09-28,14,False,weekly,v1,0.6.0,34a87b6a92c049129c3f03a687c8bad9,2026-09-30T12:47:52.852982+00:00
H9050-26-2238,Practice Development Nurse,unclassified,,,40559.0,48841.0,year,"£40,559 to £48,841 a year",Betsi Cadwaladr University Health Board,other,,Fixed-Term,full_time,open,2026-10-12,2026-09-28,14,False,weekly,v1,0.6.0,34a87b6a92c049129c3f03a687c8bad9,2026-09-30T12:47:52.852982+00:00
N0011-26-0001,Developing Resuscitation Officer,unclassified,,,37500.0,37500.0,year,"£37,500 a year",AtoE Training and Solutions Ltd,other,London,Permanent,full_time,open,2026-10-18,2026-09-29,19,False,weekly,v1,0.6.0,34a87b6a92c049129c3f03a687c8bad9,2026-09-30T12:47:52.852982+00:00
C9319-26-0842,Development Team Leader,unclassified,,,79504.0,91609.0,year,"£79,504 to £91,609 a year",Northumbria Healthcare NHS Foundation Trust,acute,North East and Yorkshire,Permanent,flexible,open,2026-10-13,2026-09-30,13,False,weekly,v1,0.6.0,34a87b6a92c049129c3f03a687c8bad9,2026-09-30T12:47:52.852982+00:00
A2981-26-0020,Training& Development Coordinator,unclassified,,,,,,Depends on experience,Tower Family Healthcare,other,North West,Permanent,full_time,open,2026-10-07,2026-09-23,14,False,weekly,v1,0.6.0,34a87b6a92c049129c3f03a687c8bad9,2026-09-30T12:47:52.852982+00:00
C9432-26-0736,Developing EBME Technician - Ipswich,unclassified,,,28392.0,39043.0,year,"£28,392 to £39,043 a year",East Suffolk and North Essex NHS Foundation Trust,acute,East of England,Permanent,full_time,open,2026-10-04,2026-09-25,9,False,weekly,v1,0.6.0,34a87b6a92c049129c3f03a687c8bad9,2026-09-30T12:47:52.852982+00:00
C9263-26-0916,Specialist Physiotherapist (Development post),unclassified,,,39959.0,48117.0,year,"£39,959 to £48,117 a year","Cumbria, Northumberland, Tyne and wear (CNTW) NHS Foundation Trust",acute,North East and Yorkshire,Permanent,full_time,open,2026-10-09,2026-09-25,14,False,weekly,v1,0.6.0,34a87b6a92c049129c3f03a687c8bad9,2026-09-30T12:47:52.852982+00:00
C9798-26-0057,Clinical/Counselling Psychologist (Development Role),unclassified,,,49387.0,56515.0,year,"£49,387 to £56,515 a year",Herefordshire and Worcestershire Health and Care NHS Trust,acute,Midlands,Permanent,flexible,open,2026-10-20,2026-09-29,21,False,weekly,v1,0.6.0,34a87b6a92c049129c3f03a687c8bad9,2026-09-30T12:47:52.852982+00:00
C9435-26-0541,Clinical Coding Trainer,lifeblood,,,39959.0,48117.0,year,"£39,959 to £48,117 a year",East Lancashire Hospitals NHS Trust,acute,North West,Permanent,full_time,open,2026-10-11,2026-09-24,17,False,weekly,v1,0.6.0,34a87b6a92c049129c3f03a687c8bad9,2026-09-30T12:47:52.852982+00:00
C9265-26-0648,Clinical Coding Team Lead,lifeblood,,,39959.0,48117.0,year,"£39,959 to £48,117 a year",Northampton General Hospital,other,Midlands,Permanent,flexible,open,2026-10-12,2026-09-28,14,False,weekly,v1,0.6.0,34a87b6a92c049129c3f03a687c8bad9,2026-09-30T12:47:52.852982+00:00
H9040-26-0963,Clinical Coding Support Officer,lifeblood,,,26300.0,26300.0,year,"£26,300 a year",Aneurin Bevan University Health Board,other,,Fixed-Term,part_time,open,2026-10-05,2026-09-25,10,False,weekly,v1,0.6.0,34a87b6a92c049129c3f03a687c8bad9,2026-09-30T12:47:52.852982+00:00
C9359-26-0187,Remote Senior Clinical Coding Analyst,lifeblood,,,39959.0,48117.0,year,"£39,959 to £48,117 a year",Maidstone and Tunbridge Wells NHS Trust,acute,South East,Permanent,flexible,open,2026-10-07,2026-09-23,14,False,weekly,v1,0.6.0,34a87b6a92c049129c3f03a687c8bad9,2026-09-30T12:47:52.852982+00:00
N0001-26-0000,Clinical Lead - AnDY Clinic,unclassified,,,47389.0,58225.0,year,"£47,389 to £58,225 a year",University Of Reading,other,South East,Fixed-Term,flexible,open,2026-10-12,2026-09-23,19,False,weekly,v1,0.6.0,34a87b6a92c049129c3f03a687c8bad9,2026-09-30T12:47:52.852982+00:00
C9222-26-0811,Clinical CAMHS Clinical Nurse Specialist,unclassified,,,55524.0,62652.0,year,"£55,524 to £62,652 a year",West London NHS Trust,acute,London,Permanent,full_time,open,2026-09-30,2026-09-28,2,True,weekly,v1,0.6.0,34a87b6a92c049129c3f03a687c8bad9,2026-09-30T12:47:52.852982+00:00
H9001-26-0853,Advanced Clinical Pharmacist – Clinical Haematology,bedside,,,58379.0,65723.0,year,"£58,379 to £65,723 a year",Cardiff and Vale University Health Board,other,,Permanent,full_time,open,2026-10-08,2026-09-24,14,False,weekly,v1,0.6.0,34a87b6a92c049129c3f03a687c8bad9,2026-09-30T12:47:52.852982+00:00
C9222-26-0840,Clinical Psychologist,unclassified,,,58133.0,65261.0,year,"£58,133 to £65,261 a year",West London NHS Trust,acute,London,Fixed-Term,full_time,open,2026-10-07,2026-09-24,13,False,weekly,v1,0.6.0,34a87b6a92c049129c3f03a687c8bad9,2026-09-30T12:47:52.852982+00:00
A4896-26-0008,Clinical Pharmacist,bedside,,,55000.0,60000.0,year,"£55,000 to £60,000 a year",Wide Way Medical Centre,primary_care,London,Fixed-Term,flexible,open,2026-10-30,2026-09-24,36,False,weekly,v1,0.6.0,34a87b6a92c049129c3f03a687c8bad9,2026-09-30T12:47:52.852982+00:00
C9222-26-0839,Clinical Psychologist,unclassified,,,63665.0,70887.0,year,"£63,665 to £70,887 a year",West London NHS Trust,acute,London,Permanent,full_time,open,2026-10-08,2026-09-24,14,False,weekly,v1,0.6.0,34a87b6a92c049129c3f03a687c8bad9,2026-09-30T12:47:52.852982+00:00
C9369-26-0004-3,Clinical Psychologist,unclassified,,,49387.0,56515.0,year,"£49,387 to £56,515 a year",Devon Partnership NHS Trust,acute,South West,Permanent,flexible,open,2026-10-11,2026-09-25,16,False,weekly,v1,0.6.0,34a87b6a92c049129c3f03a687c8bad9,2026-09-30T12:47:52.852982+00:00
C9363-26-1139,Clinical Pharmacist,bedside,,,47951.0,65261.0,year,"£47,951 to £65,261 a year",East London NHS Foundation Trust,acute,London,Permanent,full_time,open,2026-10-11,2026-09-28,13,False,weekly,v1,0.6.0,34a87b6a92c049129c3f03a687c8bad9,2026-09-30T12:47:52.852982+00:00
C9348-26-2087,Clinical Psychologist&#160;,unclassified,,,49387.0,56515.0,year,"£49,387 to £56,515 a year",Hampshire and Isle of Wight Healthcare NHS Foundation Trust,acute,South East,Permanent,full_time,open,2026-10-11,2026-09-28,13,False,weekly,v1,0.6.0,34a87b6a92c049129c3f03a687c8bad9,2026-09-30T12:47:52.852982+00:00
C9190-26-0596,Clinical Technologist,unclassified,,,,,,Depends on experience,Sheffield Teaching Hospitals NHS Foundation Trust,acute,North East and Yorkshire,Permanent,full_time,open,2026-10-12,2026-09-29,13,False,weekly,v1,0.6.0,34a87b6a92c049129c3f03a687c8bad9,2026-09-30T12:47:52.852982+00:00
C9253-26-0474,Health Records Clerk,lifeblood,,,25272.0,25272.0,year,"£25,272 a year",The Dudley Group NHS Foundation Trust,acute,Midlands,Permanent,full_time,open,2026-10-13,2026-09-29,14,False,weekly,v1,0.6.0,34a87b6a92c049129c3f03a687c8bad9,2026-09-30T12:47:52.852982+00:00
H9040-26-0962,Health Records Clerk,lifeblood,,,26300.0,26300.0,year,"£26,300 a year",Aneurin Bevan University Health Board,other,,Permanent,part_time,open,2026-10-01,2026-09-25,6,True,weekly,v1,0.6.0,34a87b6a92c049129c3f03a687c8bad9,2026-09-30T12:47:52.852982+00:00
B0560-26-0010,Health Records Officer,lifeblood,,,13.21,13.21,hour,£13.21 an hour,Tetbury Hospital,other,South West,Permanent,part_time,open,2026-10-18,2026-09-24,24,False,weekly,v1,0.6.0,34a87b6a92c049129c3f03a687c8bad9,2026-09-30T12:47:52.852982+00:00
C9253-26-0475,Health Records Clerk,lifeblood,,,25272.0,25272.0,year,"£25,272 a year",The Dudley Group NHS Foundation Trust,acute,Midlands,Permanent,flexible,open,2026-10-13,2026-09-29,14,False,weekly,v1,0.6.0,34a87b6a92c049129c3f03a687c8bad9,2026-09-30T12:47:52.852982+00:00
C9253-26-0452,Business Administration Apprentice - Health Records,lifeblood,,,15600.0,15600.0,year,"£15,600 a year",The Dudley Group NHS Foundation Trust,acute,Midlands,Apprenticeship,full_time,open,2026-10-08,2026-09-24,14,False,weekly,v1,0.6.0,34a87b6a92c049129c3f03a687c8bad9,2026-09-30T12:47:52.852982+00:00
C9374-26-0839,Digital Health Records Scanning Co-ordinator,lifeblood,,,25760.0,27476.0,year,"£25,760 to £27,476 a year",East Sussex Healthcare NHS Trust,acute,South East,Fixed-Term,full_time,open,2026-10-01,2026-09-24,7,False,weekly,v1,0.6.0,34a87b6a92c049129c3f03a687c8bad9,2026-09-30T12:47:52.852982+00:00
A0219-26-0049,Medical Records Co-ordinator,lifeblood,,,25224.0,25713.0,year,"£25,224 to £25,713 a year",Mendip Vale Medical Group,other,South West,Permanent,part_time,open,2026-10-04,2026-09-24,10,False,weekly,v1,0.6.0,34a87b6a92c049129c3f03a687c8bad9,2026-09-30T12:47:52.852982+00:00
C9839-26-0363,Access to Records Administrator,unclassified,,,25760.0,27476.0,year,"£25,760 to £27,476 a year",East of England Community Health and Care NHS Trust,community,East of England,Permanent,full_time,open,2026-10-06,2026-09-28,8,False,weekly,v1,0.6.0,34a87b6a92c049129c3f03a687c8bad9,2026-09-30T12:47:52.852982+00:00
C9313-26-0428,Health Care Assistant (physical health),unclassified,,,25760.0,27476.0,year,"£25,760 to £27,476 a year",Leicestershire Partnership NHS Trust,acute,Midlands,Permanent,flexible,open,2026-10-06,2026-09-24,12,False,weekly,v1,0.6.0,34a87b6a92c049129c3f03a687c8bad9,2026-09-30T12:47:52.852982+00:00
B9083-26-0524,Community Public Health Nurse - Health Visiting,unclassified,,,32073.0,39043.0,year,"£32,073 to £39,043 a year",Sirona care & health CIC,other,South West,Fixed-Term,flexible,open,2026-10-18,2026-09-23,25,False,weekly,v1,0.6.0,34a87b6a92c049129c3f03a687c8bad9,2026-09-30T12:47:52.852982+00:00
C9349-26-2881,Health Visitor,unclassified,,,39959.0,48117.0,year,"£39,959 to £48,117 a year",Manchester University NHS Foundation Trust,acute,North West,Permanent,flexible,open,2026-10-05,2026-09-29,6,True,weekly,v1,0.6.0,34a87b6a92c049129c3f03a687c8bad9,2026-09-30T12:47:52.852982+00:00
C9362-26-0727,Health Visitor,unclassified,,,39959.0,48117.0,year,"£39,959 to £48,117 a year",Stockport NHS Foundation Trust,acute,North West,Permanent,part_time,open,2026-10-12,2026-09-30,12,False,weekly,v1,0.6.0,34a87b6a92c049129c3f03a687c8bad9,2026-09-30T12:47:52.852982+00:00
E0279-26-2613,Health Visitor,unclassified,,,33306.0,40957.0,year,"£33,306 to £40,957 a year",HCRG Care Group,other,Midlands,Permanent,flexible,open,2026-10-11,2026-09-28,13,False,weekly,v1,0.6.0,34a87b6a92c049129c3f03a687c8bad9,2026-09-30T12:47:52.852982+00:00
K0002-26-0028,Health Visitor,unclassified,,,23975.0,28870.0,year,"£23,975 to £28,870 a year",Somerset County Council,other,South West,Permanent,part_time,open,2026-10-11,2026-09-24,17,False,weekly,v1,0.6.0,34a87b6a92c049129c3f03a687c8bad9,2026-09-30T12:47:52.852982+00:00
E0279-26-2614,Health Visitor,unclassified,,,32720.0,40000.0,year,"£32,720 to £40,000 a year",HCRG Care Group,other,Midlands,Permanent,flexible,open,2026-10-11,2026-09-28,13,False,weekly,v1,0.6.0,34a87b6a92c049129c3f03a687c8bad9,2026-09-30T12:47:52.852982+00:00
C9362-26-0717,Health Visitor,unclassified,,,39959.0,48117.0,year,"£39,959 to £48,117 a year",Stockport NHS Foundation Trust,acute,North West,Fixed-Term,full_time,open,2026-10-12,2026-09-30,12,False,weekly,v1,0.6.0,34a87b6a92c049129c3f03a687c8bad9,2026-09-30T12:47:52.852982+00:00
K0002-26-0030,Health Visitor,unclassified,,,31967.0,38493.0,year,"£31,967 to £38,493 a year",Somerset County Council,other,South West,Permanent,part_time,open,2026-10-11,2026-09-24,17,False,weekly,v1,0.6.0,34a87b6a92c049129c3f03a687c8bad9,2026-09-30T12:47:52.852982+00:00
C9164-26-0896,Health Economist,unclassified,,,49387.0,56515.0,year,"£49,387 to £56,515 a year",Nottingham University Hospitals NHS Trusts,acute,Midlands,Fixed-Term,full_time,open,2026-10-08,2026-09-28,10,False,weekly,v1,0.6.0,34a87b6a92c049129c3f03a687c8bad9,2026-09-30T12:47:52.852982+00:00
C9842-26-0573,Health Visitor,unclassified,,,,,,Depends on experience,Derbyshire Community Health Services NHSFT,community,Midlands,Permanent,part_time,open,2026-10-01,2026-09-17,14,False,weekly,v1,0.6.0,34a87b6a92c049129c3f03a687c8bad9,2026-09-30T12:47:52.852982+00:00
E0279-26-2639,Health Visitor,unclassified,,,39959.0,48117.0,year,"£39,959 to £48,117 a year",HCRG Care Group,other,Midlands,Permanent,full_time,open,2026-10-11,2026-09-28,13,False,weekly,v1,0.6.0,34a87b6a92c049129c3f03a687c8bad9,2026-09-30T12:47:52.852982+00:00
C9383-26-0460,Health Visitor,unclassified,,,39959.0,48117.0,year,"£39,959 to £48,117 a year",Derbyshire Healthcare NHS Foundation Trust,acute,Midlands,Permanent,flexible,open,2026-10-07,2026-09-23,14,False,weekly,v1,0.6.0,34a87b6a92c049129c3f03a687c8bad9,2026-09-30T12:47:52.852982+00:00
A2700-26-0046,PAC Patient Contact Coordinator,unclassified,,,,,,Depends on experience,Sutton Primary Care Networks,primary_care,London,Permanent,flexible,open,2026-10-15,2026-09-30,15,False,weekly,v1,0.6.0,34a87b6a92c049129c3f03a687c8bad9,2026-09-30T12:47:52.852982+00:00
C9318-26-0850,"Sonographer / Midwife Sonographer, Band 7",unclassified,,Band 7,49387.0,56515.0,year,"£49,387 to £56,515 a year",Gloucestershire Hospitals NHS Foundation Trust,acute,South West,Permanent,flexible,open,2026-10-13,2026-09-29,14,False,weekly,v1,0.6.0,34a87b6a92c049129c3f03a687c8bad9,2026-09-30T12:47:52.852982+00:00
C9318-26-0849,"Sonographer, Band 7",unclassified,,Band 7,49387.0,56515.0,year,"£49,387 to £56,515 a year",Gloucestershire Hospitals NHS Foundation Trust,acute,South West,Permanent,flexible,open,2026-10-13,2026-09-29,14,False,weekly,v1,0.6.0,34a87b6a92c049129c3f03a687c8bad9,2026-09-30T12:47:52.852982+00:00
C9271-26-0394,Radiographer,unclassified,,,47951.0,56863.0,year,"£47,951 to £56,863 a year",Great Ormond Street Hospital for Children NHS Foundation Trust,acute,London,Fixed-Term,full_time,open,2026-10-11,2026-09-28,13,False,weekly,v1,0.6.0,34a87b6a92c049129c3f03a687c8bad9,2026-09-30T12:47:52.852982+00:00
C9418-26-0989,Band 7 Sonographer,unclassified,,Band 7,49387.0,56515.0,year,"£49,387 to £56,515 a year",Bedfordshire Hospitals NHS Foundation Trust,acute,South East,Permanent,full_time,open,2026-10-13,2026-09-29,14,False,weekly,v1,0.6.0,34a87b6a92c049129c3f03a687c8bad9,2026-09-30T12:47:52.852982+00:00
C9389-26-0517,Radiographer,unclassified,,,32073.0,39043.0,year,"£32,073 to £39,043 a year",Bradford Teaching Hospitals NHS Foundation Trust,acute,North East and Yorkshire,Permanent,full_time,open,2026-10-09,2026-09-25,14,False,weekly,v1,0.6.0,34a87b6a92c049129c3f03a687c8bad9,2026-09-30T12:47:52.852982+00:00
C9382-26-0588,Clinical Assistant MAC,unclassified,,,25760.0,27476.0,year,"£25,760 to £27,476 a year",Blackpool Teaching Hospitals NHS Foundation Trust,acute,North West,Permanent,full_time,open,2026-10-11,2026-09-27,14,False,weekly,v1,0.6.0,34a87b6a92c049129c3f03a687c8bad9,2026-09-30T12:47:52.852982+00:00
C9223-26-0946,MDT Administrative Assistant,unclassified,,,25760.0,27476.0,year,"£25,760 to £27,476 a year",The Shrewsbury and Telford Hospital NHS Trust,acute,Midlands,Fixed-Term,full_time,open,2026-10-09,2026-09-25,14,False,weekly,v1,0.6.0,34a87b6a92c049129c3f03a687c8bad9,2026-09-30T12:47:52.852982+00:00
C9331-26-0684,Clinical Support Worker - Radiology - FGH,unclassified,,,25760.0,27476.0,year,"£25,760 to £27,476 a year",University Hospitals of Morecambe Bay NHS Trust,acute,North West,Permanent,part_time,open,2026-10-07,2026-09-23,14,False,weekly,v1,0.6.0,34a87b6a92c049129c3f03a687c8bad9,2026-09-30T12:47:52.852982+00:00
C9391-26-1691,Band 4 Private Sales and Enquiries Coordinator,unclassified,,Band 4,34186.0,37389.0,year,"£34,186 to £37,389 a year",Royal Free London NHS Foundation Trust,acute,London,Permanent,full_time,open,2026-10-12,2026-09-29,13,False,weekly,v1,0.6.0,34a87b6a92c049129c3f03a687c8bad9,2026-09-30T12:47:52.852982+00:00
C9200-26-0874,Senior Diagnostic Neuro-Radiographer,unclassified,,,58133.0,65261.0,year,"£58,133 to £65,261 a year",St George's University Hospitals NHS Foundation Trust,acute,London,Permanent,full_time,open,2026-10-11,2026-09-28,13,False,weekly,v1,0.6.0,34a87b6a92c049129c3f03a687c8bad9,2026-09-30T12:47:52.852982+00:00
H9100-26-1127,Specialist Radiographer - Mammographer,unclassified,,,40559.0,48841.0,year,"£40,559 to £48,841 a year",Hywel Dda University Health Board,other,,Permanent,flexible,open,2026-10-11,2026-09-25,16,False,weekly,v1,0.6.0,34a87b6a92c049129c3f03a687c8bad9,2026-09-30T12:47:52.852982+00:00
C9392-26-0229,Radiology Senior Clinical Fellow 2027/28,unclassified,,,76582.0,76582.0,year,"£76,582 a year",Royal National Orthopaedic Hospital NHS Trust,acute,London,Fixed-Term,full_time,open,2026-10-11,2026-09-24,17,False,weekly,v1,0.6.0,34a87b6a92c049129c3f03a687c8bad9,2026-09-30T12:47:52.852982+00:00
U0051-26-0068,Ultrasound Sonographer,unclassified,,,28.48,32.38,hour,£28.48 to £32.38 an hour,FCMS,other,North West,Bank,part_time,open,2026-11-01,2026-09-29,33,False,weekly,v1,0.6.0,34a87b6a92c049129c3f03a687c8bad9,2026-09-30T12:47:52.852982+00:00
C9155-CSAHP-0926-32,CT Radiographer,unclassified,,,39959.0,48117.0,year,"£39,959 to £48,117 a year",South Tyneside and Sunderland NHS Foundation Trust,acute,North East and Yorkshire,Permanent,part_time,open,2026-10-13,2026-09-29,14,False,weekly,v1,0.6.0,34a87b6a92c049129c3f03a687c8bad9,2026-09-30T12:47:52.852982+00:00
C9264-26-0553,Deputy Breast Screening and Very High Risk Programme Coordinator,unclassified,,,28392.0,31157.0,year,"£28,392 to £31,157 a year",Kettering General Hospital NHS Foundation Trust,acute,Midlands,Permanent,flexible,open,2026-10-08,2026-09-24,14,False,weekly,v1,0.6.0,34a87b6a92c049129c3f03a687c8bad9,2026-09-30T12:47:52.852982+00:00
C9387-26-1957,Research Nurse,unclassified,,,39959.0,48117.0,year,"£39,959 to £48,117 a year",Bristol NHS Foundation Trust,acute,South West,Fixed-Term,flexible,open,2026-10-13,2026-09-24,19,False,weekly,v1,0.6.0,34a87b6a92c049129c3f03a687c8bad9,2026-09-30T12:47:52.852982+00:00
C9317-26-0787,Research Nurse,unclassified,,,39959.0,48117.0,year,"£39,959 to £48,117 a year",The Newcastle upon Tyne Hospitals NHS Foundation Trust,acute,North East and Yorkshire,Permanent,part_time,open,2026-10-01,2026-09-23,8,False,weekly,v1,0.6.0,34a87b6a92c049129c3f03a687c8bad9,2026-09-30T12:47:52.852982+00:00
C9317-26-0782,Research Nurse,unclassified,,,39959.0,48117.0,year,"£39,959 to £48,117 a year",The Newcastle upon Tyne Hospitals NHS Foundation Trust,acute,North East and Yorkshire,Permanent,part_time,open,2026-10-01,2026-09-23,8,False,weekly,v1,0.6.0,34a87b6a92c049129c3f03a687c8bad9,2026-09-30T12:47:52.852982+00:00
C9251-26-0699,Research Nurse,unclassified,,,39959.0,48117.0,year,"£39,959 to £48,117 a year",Hampshire Hospitals NHS Foundation Trust,acute,South East,Permanent,full_time,open,2026-10-08,2026-09-24,14,False,weekly,v1,0.6.0,34a87b6a92c049129c3f03a687c8bad9,2026-09-30T12:47:52.852982+00:00
U0103-26-0066,Research Nurse,unclassified,,,39959.0,48000.0,year,"£39,959 to £48,000 a year",Dorking Healthcare Ltd.,other,,Permanent,part_time,open,2026-10-12,2026-09-29,13,False,weekly,v1,0.6.0,34a87b6a92c049129c3f03a687c8bad9,2026-09-30T12:47:52.852982+00:00
C9271-26-0400,Research Coordinator,unclassified,,,38488.0,46852.0,year,"£38,488 to £46,852 a year",Great Ormond Street Hospital for Children NHS Foundation Trust,acute,London,Fixed-Term,full_time,open,2026-10-14,2026-09-30,14,False,weekly,v1,0.6.0,34a87b6a92c049129c3f03a687c8bad9,2026-09-30T12:47:52.852982+00:00
C9382-26-0576,Research Nurse,unclassified,,,32073.0,39043.0,year,"£32,073 to £39,043 a year",Blackpool Teaching Hospitals NHS Foundation Trust,acute,North West,Permanent,part_time,open,2026-10-06,2026-09-29,7,False,weekly,v1,0.6.0,34a87b6a92c049129c3f03a687c8bad9,2026-09-30T12:47:52.852982+00:00
C9382-26-0583,Research Midwife,unclassified,,,39959.0,48117.0,year,"£39,959 to £48,117 a year",Blackpool Teaching Hospitals NHS Foundation Trust,acute,North West,Permanent,part_time,open,2026-10-08,2026-09-29,9,False,weekly,v1,0.6.0,34a87b6a92c049129c3f03a687c8bad9,2026-09-30T12:47:52.852982+00:00
C0023-26-1182,Research Administrator,unclassified,,,25760.0,27476.0,year,"£25,760 to £27,476 a year",Royal Devon University Healthcare NHS Foundation Trust,acute,South West,Permanent,full_time,open,2026-10-12,2026-09-25,17,False,weekly,v1,0.6.0,34a87b6a92c049129c3f03a687c8bad9,2026-09-30T12:47:52.852982+00:00
A4962-26-0043,Roving Research Nurse,unclassified,,,,,,Depends on experience,The Adam Practice,other,,Fixed-Term,flexible,open,2026-10-13,2026-09-29,14,False,weekly,v1,0.6.0,34a87b6a92c049129c3f03a687c8bad9,2026-09-30T12:47:52.852982+00:00
C9437-26-0855,Clinical Research Nurse,unclassified,,,32073.0,39043.0,year,"£32,073 to £39,043 a year",Greater Manchester Mental Health NHS Foundation Trust,mental_health,North West,Fixed-Term,flexible,open,2026-10-08,2026-09-25,13,False,weekly,v1,0.6.0,34a87b6a92c049129c3f03a687c8bad9,2026-09-30T12:47:52.852982+00:00
N0047-26-0030,Clinical Research Fellow,unclassified,,,54499.0,76582.0,year,"£54,499 to £76,582 a year",Imperial College London,other,London,Fixed-Term,full_time,open,2026-10-13,2026-09-29,14,False,weekly,v1,0.6.0,34a87b6a92c049129c3f03a687c8bad9,2026-09-30T12:47:52.852982+00:00
C9413-26-0729,Research Partnership Manager,unclassified,,,49387.0,56515.0,year,"£49,387 to £56,515 a year",The Christie NHS FT,acute,North West,Permanent,full_time,open,2026-10-08,2026-09-25,13,False,weekly,v1,0.6.0,34a87b6a92c049129c3f03a687c8bad9,2026-09-30T12:47:52.852982+00:00
C9413-26-0731,Senior Research Nurse,unclassified,,,49387.0,56515.0,year,"£49,387 to £56,515 a year",The Christie NHS FT,acute,North West,Permanent,full_time,open,2026-10-09,2026-09-25,14,False,weekly,v1,0.6.0,34a87b6a92c049129c3f03a687c8bad9,2026-09-30T12:47:52.852982+00:00
C9271-26-0399,Research Data Manager,lifeblood,,,38488.0,46852.0,year,"£38,488 to £46,852 a year",Great Ormond Street Hospital for Children NHS Foundation Trust,acute,London,Fixed-Term,full_time,open,2026-10-12,2026-09-30,12,False,weekly,v1,0.6.0,34a87b6a92c049129c3f03a687c8bad9,2026-09-30T12:47:52.852982+00:00
B0236-26-0242,Product Owner,compass,,,35000.0,35000.0,year,"£35,000 to £35,000 a year",We Are With You,other,London,Permanent,full_time,open,2026-10-16,2026-09-28,18,False,weekly,v1,0.6.0,34a87b6a92c049129c3f03a687c8bad9,2026-09-30T12:47:52.852982+00:00
C9308-26-0139,Product Delivery Owner - Infrastructure Services,foundation,,,75328.0,86114.0,year,"£75,328 to £86,114 a year",London Ambulance Service NHS Trust,ambulance,London,Permanent,full_time,open,2026-10-06,2026-09-23,13,False,weekly,v1,0.6.0,34a87b6a92c049129c3f03a687c8bad9,2026-09-30T12:47:52.852982+00:00
C9308-26-0140,Product Delivery Owner - Voice Services,unclassified,,,75328.0,86114.0,year,"£75,328 to £86,114 a year",London Ambulance Service NHS Trust,ambulance,London,Permanent,full_time,open,2026-10-06,2026-09-23,13,False,weekly,v1,0.6.0,34a87b6a92c049129c3f03a687c8bad9,2026-09-30T12:47:52.852982+00:00
H9001-26-0854,Senior Product Specialist,unclassified,,,58379.0,65723.0,year,"£58,379 to £65,723 a year",Cardiff and Vale University Health Board,other,,Fixed-Term,full_time,open,2026-10-08,2026-09-24,14,False,weekly,v1,0.6.0,34a87b6a92c049129c3f03a687c8bad9,2026-09-30T12:47:52.852982+00:00
C9028-26-0185,Product Officer (Web),unclassified,,,40559.0,48841.0,year,"£40,559 to £48,841 a year",Public Health Wales,other,,Permanent,full_time,open,2026-10-12,2026-09-28,14,False,weekly,v1,0.6.0,34a87b6a92c049129c3f03a687c8bad9,2026-09-30T12:47:52.852982+00:00
M9043-26-0236,Pharmacy Production Operator,unclassified,,,26813.0,27890.0,year,"£26,813 to £27,890 a year",NHS Wales Shared Services Partnership,other,,Permanent,full_time,open,2026-10-01,2026-09-25,6,True,weekly,v1,0.6.0,34a87b6a92c049129c3f03a687c8bad9,2026-09-30T12:47:52.852982+00:00
C9156-8299251,SSD Production Controller,unclassified,,,32073.0,39043.0,year,"£32,073 to £39,043 a year",Royal Cornwall Hospitals Trust,acute,South West,Permanent,full_time,open,2026-10-07,2026-09-23,14,False,weekly,v1,0.6.0,34a87b6a92c049129c3f03a687c8bad9,2026-09-30T12:47:52.852982+00:00
F0067-260005185213512,Co-Production Officer 18521/3512,unclassified,,,33672.0,36581.0,year,"£33,672 to £36,581 a year",Lincolnshire County Council,other,Midlands,Permanent,flexible,open,2026-10-04,2026-09-24,10,False,weekly,v1,0.6.0,34a87b6a92c049129c3f03a687c8bad9,2026-09-30T12:47:52.852982+00:00
M0048-26-0484,HLA Selected Products Co-ordinator,unclassified,,,28392.0,31157.0,year,"£28,392 to £31,157 a year",NHS Blood and Transplant,arms_length_body,London,Permanent,full_time,open,2026-10-07,2026-09-30,7,False,weekly,v1,0.6.0,34a87b6a92c049129c3f03a687c8bad9,2026-09-30T12:47:52.852982+00:00
A3980-26-0001,"Practice Business, Finance and Governance Officer",unclassified,,,,,,Depends on experience,Wensum Valley Medical Practice,primary_care,East of England,Permanent,flexible,open,2026-10-16,2026-09-25,21,False,weekly,v1,0.6.0,34a87b6a92c049129c3f03a687c8bad9,2026-09-30T12:47:52.852982+00:00
C9438-26-0519,Locum Consultant Radiologist with an interest in Chest/Cardiothoracic,unclassified,,,113565.0,150569.0,year,"£113,565 to £150,569 a year",Lancashire Teaching Hospitals NHS Foundation Trust,acute,North West,Fixed-Term,full_time,open,2026-10-02,2026-09-18,14,False,weekly,v1,0.6.0,34a87b6a92c049129c3f03a687c8bad9,2026-09-30T12:47:52.852982+00:00
E0279-26-2624,Bank Paediatric Occupational Therapy Assistant,unclassified,,,15.47,15.47,hour,£15.47 an hour,HCRG Care Group,other,South East,Bank,flexible,open,2026-10-18,2026-09-28,20,False,weekly,v1,0.6.0,34a87b6a92c049129c3f03a687c8bad9,2026-09-30T12:47:52.852982+00:00
H9110-26-0989,Bank Sonographer Trainer,future,,,50129.0,57365.0,year,"£50,129 to £57,365 a year",Cwm Taf Morgannwg University Health Board,other,,Bank,flexible,open,2026-10-22,2026-09-24,28,False,weekly,v1,0.6.0,34a87b6a92c049129c3f03a687c8bad9,2026-09-30T12:47:52.852982+00:00
H9001-26-0872,Health & Safety Trainer,future,,,32557.0,39631.0,year,"£32,557 to £39,631 a year",Cardiff and Vale University Health Board,other,,Permanent,part_time,open,2026-10-13,2026-09-29,14,False,weekly,v1,0.6.0,34a87b6a92c049129c3f03a687c8bad9,2026-09-30T12:47:52.852982+00:00
C9351-26-1113,Mandatory Skills Trainer,future,,,39959.0,48117.0,year,"£39,959 to £48,117 a year",Lancashire & South Cumbria NHS Foundation Trust,acute,North West,Permanent,part_time,open,2026-10-13,2026-09-29,14,False,weekly,v1,0.6.0,34a87b6a92c049129c3f03a687c8bad9,2026-09-30T12:47:52.852982+00:00
H9050-26-2220,Health and Safety Trainer,future,,,28819.0,31626.0,year,"£28,819 to £31,626 a year",Betsi Cadwaladr University Health Board,other,,Permanent,full_time,open,2026-10-08,2026-09-24,14,False,weekly,v1,0.6.0,34a87b6a92c049129c3f03a687c8bad9,2026-09-30T12:47:52.852982+00:00
F0117-26-0000,Nurse Trainer / Practice Educator,future,,,40000.0,40000.0,year,"£40,000 a year",Care Dorset,other,South West,Permanent,full_time,open,2026-10-13,2026-09-29,14,False,weekly,v1,0.6.0,34a87b6a92c049129c3f03a687c8bad9,2026-09-30T12:47:52.852982+00:00
C9391-26-1666,Band 6 Manual Handling Trainer,future,,Band 6,47951.0,56863.0,year,"£47,951 to £56,863 a year",Royal Free London NHS Foundation Trust,acute,London,Permanent,flexible,open,2026-10-11,2026-09-25,16,False,weekly,v1,0.6.0,34a87b6a92c049129c3f03a687c8bad9,2026-09-30T12:47:52.852982+00:00
